dataset,seed,nominal,coverage,median_radius_m
UJIIndoorLoc,11,0.5,0.44374437443744374,5.698508331391816
UJIIndoorLoc,11,0.55,0.495949594959496,6.341339026769131
UJIIndoorLoc,11,0.6000000000000001,0.5706570657065707,7.127674571302643
UJIIndoorLoc,11,0.6500000000000001,0.6201620162016201,7.876554782620863
UJIIndoorLoc,11,0.7000000000000002,0.6777677767776777,8.738493885996384
UJIIndoorLoc,11,0.7500000000000002,0.738973897389739,10.102830449242349
UJIIndoorLoc,11,0.8000000000000003,0.7857785778577858,11.405544632262965
UJIIndoorLoc,11,0.8500000000000003,0.8496849684968497,13.527889184647222
UJIIndoorLoc,11,0.9000000000000004,0.9063906390639064,16.81368905793904
UJIIndoorLoc,11,0.9500000000000004,0.9648964896489649,26.306854612744583
UJIIndoorLoc,22,0.5,0.504050405040504,6.2731912610033795
UJIIndoorLoc,22,0.55,0.5553555355535553,7.148570499735652
UJIIndoorLoc,22,0.6000000000000001,0.630963096309631,8.329809555700713
UJIIndoorLoc,22,0.6500000000000001,0.6957695769576958,9.709140737090758
UJIIndoorLoc,22,0.7000000000000002,0.7767776777677767,11.64208316999406
UJIIndoorLoc,22,0.7500000000000002,0.8181818181818182,13.639883135427699
UJIIndoorLoc,22,0.8000000000000003,0.8748874887488749,16.588519860111163
UJIIndoorLoc,22,0.8500000000000003,0.9216921692169217,21.669060849060223
UJIIndoorLoc,22,0.9000000000000004,0.9522952295229523,30.65314465018904
UJIIndoorLoc,22,0.9500000000000004,0.9837983798379838,60.40302889842098
UJIIndoorLoc,33,0.5,0.46444644464446444,6.0521573292944675
UJIIndoorLoc,33,0.55,0.5265526552655265,6.838743576291756
UJIIndoorLoc,33,0.6000000000000001,0.5715571557155715,7.555999282481796
UJIIndoorLoc,33,0.6500000000000001,0.6282628262826283,8.643577473343612
UJIIndoorLoc,33,0.7000000000000002,0.693969396939694,9.999407676186118
UJIIndoorLoc,33,0.7500000000000002,0.7362736273627363,11.33082029542653
UJIIndoorLoc,33,0.8000000000000003,0.828082808280828,13.563820172788757
UJIIndoorLoc,33,0.8500000000000003,0.8775877587758776,16.018356514425736
UJIIndoorLoc,33,0.9000000000000004,0.9144914491449145,20.300044502126443
UJIIndoorLoc,33,0.9500000000000004,0.9558955895589559,28.151714435414505
UJIIndoorLoc,44,0.5,0.5094509450945095,6.337782835361067
UJIIndoorLoc,44,0.55,0.5796579657965797,7.184360328406742
UJIIndoorLoc,44,0.6000000000000001,0.6426642664266426,8.131508995493112
UJIIndoorLoc,44,0.6500000000000001,0.6921692169216922,9.231466015118047
UJIIndoorLoc,44,0.7000000000000002,0.7605760576057605,10.637826561488897
UJIIndoorLoc,44,0.7500000000000002,0.8226822682268227,12.668483244631854
UJIIndoorLoc,44,0.8000000000000003,0.8622862286228623,14.627844054282235
UJIIndoorLoc,44,0.8500000000000003,0.8883888388838884,16.85826028774296
UJIIndoorLoc,44,0.9000000000000004,0.9333933393339334,22.210039212265237
UJIIndoorLoc,44,0.9500000000000004,0.9738973897389739,37.638386333775166
UJIIndoorLoc,55,0.5,0.49324932493249324,5.890765394855447
UJIIndoorLoc,55,0.55,0.549054905490549,6.570151881692204
UJIIndoorLoc,55,0.6000000000000001,0.6048604860486049,7.318883615056247
UJIIndoorLoc,55,0.6500000000000001,0.6588658865886589,8.158275982483245
UJIIndoorLoc,55,0.7000000000000002,0.7272727272727273,9.175629959831506
UJIIndoorLoc,55,0.7500000000000002,0.7686768676867687,10.20837797218289
UJIIndoorLoc,55,0.8000000000000003,0.8334833483348335,11.910207018035173
UJIIndoorLoc,55,0.8500000000000003,0.8955895589558955,14.643429881586995
UJIIndoorLoc,55,0.9000000000000004,0.9387938793879388,18.577802417786508
UJIIndoorLoc,55,0.9500000000000004,0.9855985598559855,33.088438360893804
UJIIndoorLoc,66,0.5,0.45184518451845185,5.887920079852036
UJIIndoorLoc,66,0.55,0.5256525652565257,6.72254615209581
UJIIndoorLoc,66,0.6000000000000001,0.5679567956795679,7.453496054990421
UJIIndoorLoc,66,0.6500000000000001,0.6336633663366337,8.380251920288774
UJIIndoorLoc,66,0.7000000000000002,0.7011701170117012,9.458352092287464
UJIIndoorLoc,66,0.7500000000000002,0.7515751575157515,10.565091538835023
UJIIndoorLoc,66,0.8000000000000003,0.7929792979297929,12.187244622073761
UJIIndoorLoc,66,0.8500000000000003,0.8667866786678667,14.345119659950104
UJIIndoorLoc,66,0.9000000000000004,0.918991899189919,17.570686100931752
UJIIndoorLoc,66,0.9500000000000004,0.9603960396039604,23.789316042226016
UJIIndoorLoc,77,0.5,0.5877587758775877,8.150275483669501
UJIIndoorLoc,77,0.55,0.6498649864986499,9.976381174895481
UJIIndoorLoc,77,0.6000000000000001,0.7065706570657065,12.805921522935861
UJIIndoorLoc,77,0.6500000000000001,0.7515751575157515,16.712955713856793
UJIIndoorLoc,77,0.7000000000000002,0.7920792079207921,21.016300355374078
UJIIndoorLoc,77,0.7500000000000002,0.8361836183618362,25.827311341520428
UJIIndoorLoc,77,0.8000000000000003,0.8595859585958596,32.40225244755477
UJIIndoorLoc,77,0.8500000000000003,0.8973897389738974,43.62802077559217
UJIIndoorLoc,77,0.9000000000000004,0.9405940594059405,59.649474778832875
UJIIndoorLoc,77,0.9500000000000004,0.9846984698469847,102.96512945830136
UJIIndoorLoc,88,0.5,0.42844284428442847,5.504229859726914
UJIIndoorLoc,88,0.55,0.49234923492349236,6.2802725327309235
UJIIndoorLoc,88,0.6000000000000001,0.5508550855085509,6.999379561455062
UJIIndoorLoc,88,0.6500000000000001,0.6039603960396039,7.858572902248298
UJIIndoorLoc,88,0.7000000000000002,0.6714671467146714,8.974418433025727
UJIIndoorLoc,88,0.7500000000000002,0.7128712871287128,10.096084878271384
UJIIndoorLoc,88,0.8000000000000003,0.7776777677767777,11.648297083932276
UJIIndoorLoc,88,0.8500000000000003,0.8532853285328533,14.314800015413159
UJIIndoorLoc,88,0.9000000000000004,0.9315931593159316,18.759031402553738
UJIIndoorLoc,88,0.9500000000000004,0.972997299729973,26.104204057930904
UJIIndoorLoc,99,0.5,0.47704770477047703,5.922604969481072
UJIIndoorLoc,99,0.55,0.5364536453645364,6.720786340047329
UJIIndoorLoc,99,0.6000000000000001,0.594059405940594,7.525019548173712
UJIIndoorLoc,99,0.6500000000000001,0.6507650765076508,8.476680512088302
UJIIndoorLoc,99,0.7000000000000002,0.7110711071107111,9.64258178579436
UJIIndoorLoc,99,0.7500000000000002,0.7623762376237624,11.12344372604481
UJIIndoorLoc,99,0.8000000000000003,0.8091809180918091,12.944262101838412
UJIIndoorLoc,99,0.8500000000000003,0.8766876687668766,16.917768141131866
UJIIndoorLoc,99,0.9000000000000004,0.9198919891989199,24.1360948697499
UJIIndoorLoc,99,0.9500000000000004,0.9621962196219622,39.21938582210138
UJIIndoorLoc,111,0.5,0.4608460846084608,5.637028495628191
UJIIndoorLoc,111,0.55,0.5094509450945095,6.287751840582677
UJIIndoorLoc,111,0.6000000000000001,0.5652565256525652,6.9685150479018905
UJIIndoorLoc,111,0.6500000000000001,0.621962196219622,7.830849997179754
UJIIndoorLoc,111,0.7000000000000002,0.6687668766876688,8.754581056404131
UJIIndoorLoc,111,0.7500000000000002,0.7191719171917191,9.803175156180764
UJIIndoorLoc,111,0.8000000000000003,0.7821782178217822,11.344250135272754
UJIIndoorLoc,111,0.8500000000000003,0.8343834383438344,12.937688199819615
UJIIndoorLoc,111,0.9000000000000004,0.8892889288928892,15.362148513835093
UJIIndoorLoc,111,0.9500000000000004,0.946894689468947,21.302600487666314
UTSIndoorLoc,11,0.5,0.5979381443298969,7.526085525103836
UTSIndoorLoc,11,0.55,0.6262886597938144,8.499723971210944
UTSIndoorLoc,11,0.6000000000000001,0.6984536082474226,10.352114413294437
UTSIndoorLoc,11,0.6500000000000001,0.7474226804123711,12.002447344726022
UTSIndoorLoc,11,0.7000000000000002,0.7603092783505154,12.511539251491278
UTSIndoorLoc,11,0.7500000000000002,0.8221649484536082,14.821133665028805
UTSIndoorLoc,11,0.8000000000000003,0.9175257731958762,19.57055200431163
UTSIndoorLoc,11,0.8500000000000003,0.9587628865979382,24.719368052936264
UTSIndoorLoc,11,0.9000000000000004,0.9845360824742269,32.84000283314985
UTSIndoorLoc,11,0.9500000000000004,0.9896907216494846,47.27593500868542
UTSIndoorLoc,22,0.5,0.44072164948453607,5.700416230155127
UTSIndoorLoc,22,0.55,0.5103092783505154,6.374667427938213
UTSIndoorLoc,22,0.6000000000000001,0.5541237113402062,7.064155883698933
UTSIndoorLoc,22,0.6500000000000001,0.6314432989690721,8.048201617268115
UTSIndoorLoc,22,0.7000000000000002,0.6494845360824743,8.634763969788391
UTSIndoorLoc,22,0.7500000000000002,0.7164948453608248,9.991220628436068
UTSIndoorLoc,22,0.8000000000000003,0.8118556701030928,12.630301899919854
UTSIndoorLoc,22,0.8500000000000003,0.8479381443298969,14.877099020094356
UTSIndoorLoc,22,0.9000000000000004,0.8943298969072165,18.499223017246326
UTSIndoorLoc,22,0.9500000000000004,0.9664948453608248,31.173609662597006
UTSIndoorLoc,33,0.5,0.4742268041237113,5.801635441019164
UTSIndoorLoc,33,0.55,0.5,6.186701104782454
UTSIndoorLoc,33,0.6000000000000001,0.5798969072164949,6.937985179680737
UTSIndoorLoc,33,0.6500000000000001,0.6649484536082474,8.147595541084822
UTSIndoorLoc,33,0.7000000000000002,0.6958762886597938,8.959256098844836
UTSIndoorLoc,33,0.7500000000000002,0.7242268041237113,9.528587665589804
UTSIndoorLoc,33,0.8000000000000003,0.7835051546391752,11.241405796551392
UTSIndoorLoc,33,0.8500000000000003,0.8814432989690721,15.129183621301873
UTSIndoorLoc,33,0.9000000000000004,0.9664948453608248,24.313255756119755
UTSIndoorLoc,33,0.9500000000000004,0.9948453608247423,46.592040185380924
UTSIndoorLoc,44,0.5,0.4793814432989691,5.488506627109748
UTSIndoorLoc,44,0.55,0.5257731958762887,6.025959588235975
UTSIndoorLoc,44,0.6000000000000001,0.5798969072164949,6.651426952677123
UTSIndoorLoc,44,0.6500000000000001,0.5927835051546392,6.848805191409264
UTSIndoorLoc,44,0.7000000000000002,0.6417525773195877,7.694393102914737
UTSIndoorLoc,44,0.7500000000000002,0.6958762886597938,8.612229839583087
UTSIndoorLoc,44,0.8000000000000003,0.7654639175257731,10.167685779009116
UTSIndoorLoc,44,0.8500000000000003,0.8092783505154639,11.773338524489265
UTSIndoorLoc,44,0.9000000000000004,0.9329896907216495,18.51006095235772
UTSIndoorLoc,44,0.9500000000000004,0.9716494845360825,28.750552268258204
UTSIndoorLoc,55,0.5,0.5103092783505154,5.539175446726849
UTSIndoorLoc,55,0.55,0.5541237113402062,6.141256499085806
UTSIndoorLoc,55,0.6000000000000001,0.6108247422680413,6.941555230242337
UTSIndoorLoc,55,0.6500000000000001,0.6365979381443299,7.429604495928793
UTSIndoorLoc,55,0.7000000000000002,0.7061855670103093,8.649348878223499
UTSIndoorLoc,55,0.7500000000000002,0.7448453608247423,9.742161444400871
UTSIndoorLoc,55,0.8000000000000003,0.8479381443298969,12.566248451822778
UTSIndoorLoc,55,0.8500000000000003,0.9072164948453608,14.823213601166088
UTSIndoorLoc,55,0.9000000000000004,0.9304123711340206,19.30714222967279
UTSIndoorLoc,55,0.9500000000000004,0.9768041237113402,37.68103837588041
UTSIndoorLoc,66,0.5,0.4097938144329897,5.054016825854155
UTSIndoorLoc,66,0.55,0.4690721649484536,5.798997529155804
UTSIndoorLoc,66,0.6000000000000001,0.5154639175257731,6.309468718178264
UTSIndoorLoc,66,0.6500000000000001,0.5592783505154639,6.881108045019643
UTSIndoorLoc,66,0.7000000000000002,0.6211340206185567,7.772533773258429
UTSIndoorLoc,66,0.7500000000000002,0.7268041237113402,9.076828978940124
UTSIndoorLoc,66,0.8000000000000003,0.8298969072164949,11.546727156360994
UTSIndoorLoc,66,0.8500000000000003,0.8994845360824743,14.302732353720183
UTSIndoorLoc,66,0.9000000000000004,0.9432989690721649,17.504883072405224
UTSIndoorLoc,66,0.9500000000000004,0.9819587628865979,32.515837405345565
UTSIndoorLoc,77,0.5,0.4690721649484536,5.659988122266199
UTSIndoorLoc,77,0.55,0.4896907216494845,5.844403763255627
UTSIndoorLoc,77,0.6000000000000001,0.5515463917525774,6.704844357749993
UTSIndoorLoc,77,0.6500000000000001,0.595360824742268,7.492217772816554
UTSIndoorLoc,77,0.7000000000000002,0.6778350515463918,8.684319887795848
UTSIndoorLoc,77,0.7500000000000002,0.7371134020618557,10.053158713179709
UTSIndoorLoc,77,0.8000000000000003,0.7963917525773195,11.718351909197402
UTSIndoorLoc,77,0.8500000000000003,0.8247422680412371,12.61292994851441
UTSIndoorLoc,77,0.9000000000000004,0.8762886597938144,14.869608697732538
UTSIndoorLoc,77,0.9500000000000004,0.9510309278350515,20.750268571867423
UTSIndoorLoc,88,0.5,0.4381443298969072,5.069511908075537
UTSIndoorLoc,88,0.55,0.4536082474226804,5.293624625912381
UTSIndoorLoc,88,0.6000000000000001,0.5,5.964755997156404
UTSIndoorLoc,88,0.6500000000000001,0.5695876288659794,6.959382626201043
UTSIndoorLoc,88,0.7000000000000002,0.6417525773195877,8.01278899273492
UTSIndoorLoc,88,0.7500000000000002,0.7474226804123711,9.384003244709039
UTSIndoorLoc,88,0.8000000000000003,0.8556701030927835,11.851216836128888
UTSIndoorLoc,88,0.8500000000000003,0.8994845360824743,14.353423772174592
UTSIndoorLoc,88,0.9000000000000004,0.9329896907216495,18.278038293414166
UTSIndoorLoc,88,0.9500000000000004,0.9845360824742269,30.37276454234966
UTSIndoorLoc,99,0.5,0.3634020618556701,4.772327086664697
UTSIndoorLoc,99,0.55,0.41494845360824745,5.249752966340204
UTSIndoorLoc,99,0.6000000000000001,0.4484536082474227,5.591415364563014
UTSIndoorLoc,99,0.6500000000000001,0.49742268041237114,6.368237292107197
UTSIndoorLoc,99,0.7000000000000002,0.5463917525773195,6.971893768050944
UTSIndoorLoc,99,0.7500000000000002,0.6108247422680413,7.732429651644345
UTSIndoorLoc,99,0.8000000000000003,0.6932989690721649,9.169212368383546
UTSIndoorLoc,99,0.8500000000000003,0.7577319587628866,10.37855861513868
UTSIndoorLoc,99,0.9000000000000004,0.8092783505154639,11.322887115134497
UTSIndoorLoc,99,0.9500000000000004,0.9201030927835051,16.432180740908986
UTSIndoorLoc,111,0.5,0.39948453608247425,5.105813820749999
UTSIndoorLoc,111,0.55,0.4252577319587629,5.417950963004877
UTSIndoorLoc,111,0.6000000000000001,0.49226804123711343,6.145308500372851
UTSIndoorLoc,111,0.6500000000000001,0.5541237113402062,6.973388939248842
UTSIndoorLoc,111,0.7000000000000002,0.5979381443298969,7.415680122044012
UTSIndoorLoc,111,0.7500000000000002,0.6237113402061856,8.056068666029677
UTSIndoorLoc,111,0.8000000000000003,0.6726804123711341,8.887891604605777
UTSIndoorLoc,111,0.8500000000000003,0.7783505154639175,10.08026626671917
UTSIndoorLoc,111,0.9000000000000004,0.8685567010309279,12.331195694918438
UTSIndoorLoc,111,0.9500000000000004,0.9432989690721649,17.339438010879327
Tampere,11,0.5,0.46435845213849286,5.7398280597342755
Tampere,11,0.55,0.5274949083503055,6.509277097268072
Tampere,11,0.6000000000000001,0.6140529531568228,7.96779126266898
Tampere,11,0.6500000000000001,0.6425661914460286,8.649073695286138
Tampere,11,0.7000000000000002,0.7158859470468432,10.267275506973785
Tampere,11,0.7500000000000002,0.7484725050916496,11.301487832918081
Tampere,11,0.8000000000000003,0.7759674134419552,12.204327328178785
Tampere,11,0.8500000000000003,0.8126272912423625,14.244478470277077
Tampere,11,0.9000000000000004,0.8564154786150713,16.374792760523654
Tampere,11,0.9500000000000004,0.8727087576374746,17.92798337856877
Tampere,22,0.5,0.40427698574338083,5.817866458468439
Tampere,22,0.55,0.4287169042769857,6.118749471927211
Tampere,22,0.6000000000000001,0.46741344195519346,6.610965915850556
Tampere,22,0.6500000000000001,0.5203665987780041,7.312881493608723
Tampere,22,0.7000000000000002,0.6221995926680245,8.49950695783422
Tampere,22,0.7500000000000002,0.6792260692464358,9.36938549478398
Tampere,22,0.8000000000000003,0.6934826883910387,9.594798450432304
Tampere,22,0.8500000000000003,0.7484725050916496,10.35604160754244
Tampere,22,0.9000000000000004,0.8421588594704684,12.161230229105794
Tampere,22,0.9500000000000004,0.9236252545824847,14.318719519838838
Tampere,33,0.5,0.4409368635437882,6.086734923987471
Tampere,33,0.55,0.4745417515274949,6.626181711813002
Tampere,33,0.6000000000000001,0.5132382892057027,7.076197872812546
Tampere,33,0.6500000000000001,0.620162932790224,8.397587127817088
Tampere,33,0.7000000000000002,0.6731160896130346,9.244785711444827
Tampere,33,0.7500000000000002,0.7077393075356415,9.956377538571278
Tampere,33,0.8000000000000003,0.7281059063136456,10.455644175062185
Tampere,33,0.8500000000000003,0.7688391038696538,11.527260982043542
Tampere,33,0.9000000000000004,0.879837067209776,14.598550274110053
Tampere,33,0.9500000000000004,0.9226069246435845,17.05548565289443
Tampere,44,0.5,0.3890020366598778,4.734188406975937
Tampere,44,0.55,0.43380855397148677,5.140800571935834
Tampere,44,0.6000000000000001,0.4786150712830957,5.45815738232868
Tampere,44,0.6500000000000001,0.575356415478615,6.505975005071411
Tampere,44,0.7000000000000002,0.6181262729124236,7.034401837750806
Tampere,44,0.7500000000000002,0.714867617107943,8.355777224307872
Tampere,44,0.8000000000000003,0.7708757637474541,9.436721436733503
Tampere,44,0.8500000000000003,0.8329938900203666,10.833916643581937
Tampere,44,0.9000000000000004,0.9266802443991853,14.412351969250217
Tampere,44,0.9500000000000004,0.9643584521384929,18.89352199944816
Tampere,55,0.5,0.34521384928716903,5.193260173210821
Tampere,55,0.55,0.3665987780040733,5.513097540985854
Tampere,55,0.6000000000000001,0.3757637474541752,5.6559789932293665
Tampere,55,0.6500000000000001,0.4195519348268839,6.129952173644121
Tampere,55,0.7000000000000002,0.4755600814663951,6.910977567569996
Tampere,55,0.7500000000000002,0.5346232179226069,7.652501211515894
Tampere,55,0.8000000000000003,0.5804480651731161,8.285226031360935
Tampere,55,0.8500000000000003,0.6680244399185336,9.367456841409737
Tampere,55,0.9000000000000004,0.7535641547861507,10.485648132768187
Tampere,55,0.9500000000000004,0.9042769857433809,12.941778717401952
Tampere,66,0.5,0.5224032586558045,6.278620985320955
Tampere,66,0.55,0.5804480651731161,7.024168913462356
Tampere,66,0.6000000000000001,0.6313645621181263,7.823537411083377
Tampere,66,0.6500000000000001,0.7260692464358453,9.739517207057844
Tampere,66,0.7000000000000002,0.769857433808554,11.191807567496642
Tampere,66,0.7500000000000002,0.7973523421588594,12.272330583678393
Tampere,66,0.8000000000000003,0.8421588594704684,14.007316829762697
Tampere,66,0.8500000000000003,0.8523421588594705,14.60894273490334
Tampere,66,0.9000000000000004,0.8961303462321792,17.767876144232922
Tampere,66,0.9500000000000004,0.9266802443991853,21.994112505906852
Tampere,77,0.5,0.42362525458248473,5.527247025301977
Tampere,77,0.55,0.4714867617107943,6.019138743408546
Tampere,77,0.6000000000000001,0.5030549898167006,6.386985313391025
Tampere,77,0.6500000000000001,0.5376782077393075,6.7174124584659385
Tampere,77,0.7000000000000002,0.5794297352342159,7.337789928209137
Tampere,77,0.7500000000000002,0.5885947046843177,7.545159895989291
Tampere,77,0.8000000000000003,0.6323828920570265,8.250196108071373
Tampere,77,0.8500000000000003,0.6894093686354379,9.232444111631764
Tampere,77,0.9000000000000004,0.7861507128309573,11.234410959640858
Tampere,77,0.9500000000000004,0.8177189409368636,12.15418837932444
Tampere,88,0.5,0.2576374745417515,4.3404469890870345
Tampere,88,0.55,0.2953156822810591,4.850913247066355
Tampere,88,0.6000000000000001,0.3421588594704684,5.291949109693052
Tampere,88,0.6500000000000001,0.37067209775967414,5.603671116531099
Tampere,88,0.7000000000000002,0.46028513238289204,6.592686352095018
Tampere,88,0.7500000000000002,0.5020366598778004,7.1092627863709765
Tampere,88,0.8000000000000003,0.5162932790224033,7.298065378729827
Tampere,88,0.8500000000000003,0.5631364562118126,8.113913467087453
Tampere,88,0.9000000000000004,0.6364562118126272,9.209845740600654
Tampere,88,0.9500000000000004,0.7128309572301426,10.475175451777979
Tampere,99,0.5,0.3655804480651731,4.303836230836994
Tampere,99,0.55,0.4439918533604888,5.020653876956824
Tampere,99,0.6000000000000001,0.48370672097759676,5.389633894990194
Tampere,99,0.6500000000000001,0.5183299389002036,5.782152235005931
Tampere,99,0.7000000000000002,0.5977596741344195,6.558794804887972
Tampere,99,0.7500000000000002,0.7372708757637475,8.451922565101937
Tampere,99,0.8000000000000003,0.7617107942973523,8.889040454944443
Tampere,99,0.8500000000000003,0.8411405295315683,10.547883091092578
Tampere,99,0.9000000000000004,0.9501018329938901,13.9963332953465
Tampere,99,0.9500000000000004,0.9867617107942973,18.074050612993247
Tampere,111,0.5,0.24745417515274948,4.313318570537918
Tampere,111,0.55,0.2780040733197556,4.574048618578317
Tampere,111,0.6000000000000001,0.3095723014256619,4.90405264348316
Tampere,111,0.6500000000000001,0.33706720977596744,5.169949243779806
Tampere,111,0.7000000000000002,0.34521384928716903,5.2300018923362135
Tampere,111,0.7500000000000002,0.390020366598778,5.8550309717047195
Tampere,111,0.8000000000000003,0.48778004073319753,6.922756969958402
Tampere,111,0.8500000000000003,0.6476578411405295,8.741988123866081
Tampere,111,0.9000000000000004,0.7372708757637475,10.883836683894746
Tampere,111,0.9500000000000004,0.8289205702647657,12.755783686209895
UJI-Library-25M,11,0.5,0.4806666666666667,2.379097551897135
UJI-Library-25M,11,0.55,0.5361666666666667,2.617780228849342
UJI-Library-25M,11,0.6000000000000001,0.6043461538461539,2.9498775858576405
UJI-Library-25M,11,0.6500000000000001,0.6903205128205128,3.4449500011092455
UJI-Library-25M,11,0.7000000000000002,0.754576923076923,3.882086550494738
UJI-Library-25M,11,0.7500000000000002,0.8007820512820513,4.250882841628993
UJI-Library-25M,11,0.8000000000000003,0.839474358974359,4.629475005812191
UJI-Library-25M,11,0.8500000000000003,0.8784615384615385,5.100302993586693
UJI-Library-25M,11,0.9000000000000004,0.9162564102564102,5.701652294126021
UJI-Library-25M,11,0.9500000000000004,0.956076923076923,6.7591922447895865
UJI-Library-25M,22,0.5,0.5099615384615385,2.9738759825451737
UJI-Library-25M,22,0.55,0.5645128205128205,3.188873244287177
UJI-Library-25M,22,0.6000000000000001,0.6127564102564103,3.3979883954726517
UJI-Library-25M,22,0.6500000000000001,0.6703076923076923,3.6660630637859803
UJI-Library-25M,22,0.7000000000000002,0.7312179487179488,3.981679709441358
UJI-Library-25M,22,0.7500000000000002,0.7883461538461538,4.3448693036202455
UJI-Library-25M,22,0.8000000000000003,0.8487179487179487,4.812126708383383
UJI-Library-25M,22,0.8500000000000003,0.9023846153846153,5.401880607808686
UJI-Library-25M,22,0.9000000000000004,0.9458589743589744,6.163449833641126
UJI-Library-25M,22,0.9500000000000004,0.9806666666666667,7.64080695521454
UJI-Library-25M,33,0.5,0.714551282051282,4.03119133832486
UJI-Library-25M,33,0.55,0.7670641025641025,4.563107222070035
UJI-Library-25M,33,0.6000000000000001,0.7975769230769231,4.930326736345445
UJI-Library-25M,33,0.6500000000000001,0.8273846153846154,5.3745559108979535
UJI-Library-25M,33,0.7000000000000002,0.8535384615384616,5.852156471152963
UJI-Library-25M,33,0.7500000000000002,0.8880897435897436,6.694882044956793
UJI-Library-25M,33,0.8000000000000003,0.9238846153846154,7.993053847576711
UJI-Library-25M,33,0.8500000000000003,0.948076923076923,9.44145753438899
UJI-Library-25M,33,0.9000000000000004,0.9644615384615385,11.050111655010056
UJI-Library-25M,33,0.9500000000000004,0.9873589743589744,16.263703311267864
UJI-Library-25M,44,0.5,0.794448717948718,4.555265856379748
UJI-Library-25M,44,0.55,0.837474358974359,4.98491412055105
UJI-Library-25M,44,0.6000000000000001,0.8626666666666667,5.28802466083526
UJI-Library-25M,44,0.6500000000000001,0.900448717948718,5.833671779443635
UJI-Library-25M,44,0.7000000000000002,0.9337179487179487,6.49354297757968
UJI-Library-25M,44,0.7500000000000002,0.9519230769230769,7.033112416030973
UJI-Library-25M,44,0.8000000000000003,0.9694487179487179,7.806617299308979
UJI-Library-25M,44,0.8500000000000003,0.9790641025641026,8.524653265219731
UJI-Library-25M,44,0.9000000000000004,0.9856923076923076,9.269073534485688
UJI-Library-25M,44,0.9500000000000004,0.9935,11.112665344991404
UJI-Library-25M,55,0.5,0.6197564102564103,3.3216740385894914
UJI-Library-25M,55,0.55,0.6931666666666667,3.8126842100403646
UJI-Library-25M,55,0.6000000000000001,0.7591794871794871,4.328476002041342
UJI-Library-25M,55,0.6500000000000001,0.8115,4.808730738140513
UJI-Library-25M,55,0.7000000000000002,0.866423076923077,5.467016318725051
UJI-Library-25M,55,0.7500000000000002,0.9051025641025641,6.112610802993592
UJI-Library-25M,55,0.8000000000000003,0.9415,7.030601634283528
UJI-Library-25M,55,0.8500000000000003,0.9648205128205128,8.060834063369999
UJI-Library-25M,55,0.9000000000000004,0.9818076923076923,9.628909946557368
UJI-Library-25M,55,0.9500000000000004,0.9925384615384616,12.189139868268462
UJI-Library-25M,66,0.5,0.7025897435897436,3.8850422328751577
UJI-Library-25M,66,0.55,0.7493333333333333,4.365268449349632
UJI-Library-25M,66,0.6000000000000001,0.7906923076923077,4.932527247323925
UJI-Library-25M,66,0.6500000000000001,0.8262435897435897,5.610693816769587
UJI-Library-25M,66,0.7000000000000002,0.8548974358974359,6.385236201533713
UJI-Library-25M,66,0.7500000000000002,0.8811923076923077,7.370634712323796
UJI-Library-25M,66,0.8000000000000003,0.9019615384615385,8.512088380355241
UJI-Library-25M,66,0.8500000000000003,0.9271666666666667,10.722825617253097
UJI-Library-25M,66,0.9000000000000004,0.9591666666666666,15.293930789065783
UJI-Library-25M,66,0.9500000000000004,0.9901923076923077,27.08972157623661
UJI-Library-25M,77,0.5,0.606948717948718,4.192726724507052
UJI-Library-25M,77,0.55,0.6693589743589744,5.0547768985258115
UJI-Library-25M,77,0.6000000000000001,0.7421923076923077,6.5078294185453185
UJI-Library-25M,77,0.6500000000000001,0.8127179487179487,8.687955926350611
UJI-Library-25M,77,0.7000000000000002,0.859897435897436,11.091185371747574
UJI-Library-25M,77,0.7500000000000002,0.8877307692307692,13.11682131014935
UJI-Library-25M,77,0.8000000000000003,0.9181410256410256,15.826157444352205
UJI-Library-25M,77,0.8500000000000003,0.9406666666666667,18.76534153483462
UJI-Library-25M,77,0.9000000000000004,0.9631282051282052,22.958751064329512
UJI-Library-25M,77,0.9500000000000004,0.9765769230769231,26.73301929991299
UJI-Library-25M,88,0.5,0.6442564102564102,3.6111611239054033
UJI-Library-25M,88,0.55,0.6803717948717949,3.8887538007944484
UJI-Library-25M,88,0.6000000000000001,0.7183205128205128,4.225860402666424
UJI-Library-25M,88,0.6500000000000001,0.7604102564102564,4.662600652562128
UJI-Library-25M,88,0.7000000000000002,0.793448717948718,5.039369653849602
UJI-Library-25M,88,0.7500000000000002,0.8344871794871795,5.592957407944169
UJI-Library-25M,88,0.8000000000000003,0.869474358974359,6.148382508785453
UJI-Library-25M,88,0.8500000000000003,0.8996282051282052,6.767074308779822
UJI-Library-25M,88,0.9000000000000004,0.9333717948717949,7.680211009279065
UJI-Library-25M,88,0.9500000000000004,0.9776282051282051,10.160136905657401
UJI-Library-25M,99,0.5,0.5394230769230769,2.7325170389947564
UJI-Library-25M,99,0.55,0.5919615384615384,3.0249313756356493
UJI-Library-25M,99,0.6000000000000001,0.6316282051282052,3.2600328314519373
UJI-Library-25M,99,0.6500000000000001,0.6763076923076923,3.5526734240408695
UJI-Library-25M,99,0.7000000000000002,0.7183333333333334,3.855914290415263
UJI-Library-25M,99,0.7500000000000002,0.7768461538461539,4.3054585162515515
UJI-Library-25M,99,0.8000000000000003,0.8543333333333333,5.0470043725044365
UJI-Library-25M,99,0.8500000000000003,0.8948333333333334,5.561641050286813
UJI-Library-25M,99,0.9000000000000004,0.931551282051282,6.241240619113061
UJI-Library-25M,99,0.9500000000000004,0.9747564102564102,7.893408128790133
UJI-Library-25M,111,0.5,0.4769358974358974,2.19527125594907
UJI-Library-25M,111,0.55,0.5535641025641026,2.5263100215831744
UJI-Library-25M,111,0.6000000000000001,0.6196282051282052,2.851399536391468
UJI-Library-25M,111,0.6500000000000001,0.6765897435897436,3.1652983394011582
UJI-Library-25M,111,0.7000000000000002,0.7290384615384615,3.496337798541208
UJI-Library-25M,111,0.7500000000000002,0.7758461538461539,3.8448217400577818
UJI-Library-25M,111,0.8000000000000003,0.8268589743589744,4.326493216693169
UJI-Library-25M,111,0.8500000000000003,0.8816794871794872,5.039081668406315
UJI-Library-25M,111,0.9000000000000004,0.9325128205128205,6.164563213832924
UJI-Library-25M,111,0.9500000000000004,0.9756025641025641,8.475553964676797
