dataset,seed,method,scenario,p90_m,mean_m
UJIIndoorLoc,11,RC-NoAugCoord,clean,15.95277833135586,8.586424411841437
UJIIndoorLoc,11,RC-NoAugCoord,device_offset_-6db,16.290912562358404,8.793901695655851
UJIIndoorLoc,11,RC-NoAugCoord,persistent_bias_8db,17.75046098879756,9.030043037530936
UJIIndoorLoc,11,RC-NoAugCoord,top20_outage,67.88159833409678,25.24607180199781
UJIIndoorLoc,11,RC-NoAugCoord,top20_outage_plus_bias4db,68.0841491421136,25.09251215600113
UJIIndoorLoc,11,RC-NoCoarseHeads,clean,15.819465847611507,8.251380998203723
UJIIndoorLoc,11,RC-NoCoarseHeads,device_offset_-6db,16.497641589052833,8.687359917214847
UJIIndoorLoc,11,RC-NoCoarseHeads,persistent_bias_8db,16.621383598468043,8.617534335694494
UJIIndoorLoc,11,RC-NoCoarseHeads,top20_outage,94.57958266012724,29.83995313729791
UJIIndoorLoc,11,RC-NoCoarseHeads,top20_outage_plus_bias4db,96.40052400314092,30.190303827830096
UJIIndoorLoc,11,RC-NoConsistency,clean,16.854406548437655,8.284803255704865
UJIIndoorLoc,11,RC-NoConsistency,device_offset_-6db,16.852190503836677,8.573176213304853
UJIIndoorLoc,11,RC-NoConsistency,persistent_bias_8db,17.575406473812393,8.620402869827975
UJIIndoorLoc,11,RC-NoConsistency,top20_outage,61.1552211672436,23.673911906596217
UJIIndoorLoc,11,RC-NoConsistency,top20_outage_plus_bias4db,63.50565736642591,23.56469531240459
UJIIndoorLoc,11,RC-NoCorruption,clean,17.41839164301961,8.896099295634528
UJIIndoorLoc,11,RC-NoCorruption,device_offset_-6db,18.12944753209116,9.59961402481477
UJIIndoorLoc,11,RC-NoCorruption,persistent_bias_8db,18.606838931148715,9.3372857921089
UJIIndoorLoc,11,RC-NoCorruption,top20_outage,107.31680727442097,38.61117349789215
UJIIndoorLoc,11,RC-NoCorruption,top20_outage_plus_bias4db,106.35495656635848,38.1732402356886
UJIIndoorLoc,11,RC-NoMask,clean,15.42568219551096,8.305192093208557
UJIIndoorLoc,11,RC-NoMask,device_offset_-6db,16.249243170808416,8.521951941895434
UJIIndoorLoc,11,RC-NoMask,persistent_bias_8db,16.793643209519377,8.675376285459144
UJIIndoorLoc,11,RC-NoMask,top20_outage,70.40219913381668,25.315940272926
UJIIndoorLoc,11,RC-NoMask,top20_outage_plus_bias4db,68.11543837475052,25.22899038233192
UJIIndoorLoc,11,RC-NoReconstruction,clean,16.42302046536586,8.283934314341513
UJIIndoorLoc,11,RC-NoReconstruction,device_offset_-6db,16.106639729744657,8.384944901528417
UJIIndoorLoc,11,RC-NoReconstruction,persistent_bias_8db,17.430186176903398,8.800562069039202
UJIIndoorLoc,11,RC-NoReconstruction,top20_outage,84.73698623013031,27.517859669133177
UJIIndoorLoc,11,RC-NoReconstruction,top20_outage_plus_bias4db,84.92175230958773,27.46185307957425
UJIIndoorLoc,22,RC-NoAugCoord,clean,17.455343762839682,8.739291859337984
UJIIndoorLoc,22,RC-NoAugCoord,device_offset_-6db,17.392235008766374,8.900534038635309
UJIIndoorLoc,22,RC-NoAugCoord,persistent_bias_8db,18.20891355259309,9.096593082676012
UJIIndoorLoc,22,RC-NoAugCoord,top20_outage,117.44615378173984,33.69825895782471
UJIIndoorLoc,22,RC-NoAugCoord,top20_outage_plus_bias4db,118.62298565956009,33.96412467659443
UJIIndoorLoc,22,RC-NoCoarseHeads,clean,16.14036322785623,7.809760855276447
UJIIndoorLoc,22,RC-NoCoarseHeads,device_offset_-6db,15.856409840346185,8.11085297318857
UJIIndoorLoc,22,RC-NoCoarseHeads,persistent_bias_8db,16.98921731074719,8.421314913685428
UJIIndoorLoc,22,RC-NoCoarseHeads,top20_outage,115.059717659786,39.22816382231036
UJIIndoorLoc,22,RC-NoCoarseHeads,top20_outage_plus_bias4db,118.23032433574444,39.00600186761566
UJIIndoorLoc,22,RC-NoConsistency,clean,17.614909325631658,8.55872615493173
UJIIndoorLoc,22,RC-NoConsistency,device_offset_-6db,17.479884283698148,8.70452322342982
UJIIndoorLoc,22,RC-NoConsistency,persistent_bias_8db,18.726084404270424,9.044710420200303
UJIIndoorLoc,22,RC-NoConsistency,top20_outage,101.42668330164057,32.40988912910706
UJIIndoorLoc,22,RC-NoConsistency,top20_outage_plus_bias4db,98.83571371864734,32.1487877649553
UJIIndoorLoc,22,RC-NoCorruption,clean,18.20879140024273,8.949890040565103
UJIIndoorLoc,22,RC-NoCorruption,device_offset_-6db,18.992841411316054,9.712939134365154
UJIIndoorLoc,22,RC-NoCorruption,persistent_bias_8db,18.20212056666566,9.340572693974991
UJIIndoorLoc,22,RC-NoCorruption,top20_outage,163.456369410852,54.34400468207153
UJIIndoorLoc,22,RC-NoCorruption,top20_outage_plus_bias4db,164.0043529651298,53.64714599917991
UJIIndoorLoc,22,RC-NoMask,clean,16.22347108315229,8.357751638611113
UJIIndoorLoc,22,RC-NoMask,device_offset_-6db,16.33684268632925,8.348474281434171
UJIIndoorLoc,22,RC-NoMask,persistent_bias_8db,17.32983534456494,8.692235436472657
UJIIndoorLoc,22,RC-NoMask,top20_outage,96.0126775073263,29.53260229159576
UJIIndoorLoc,22,RC-NoMask,top20_outage_plus_bias4db,98.62348025466616,30.807652369483936
UJIIndoorLoc,22,RC-NoReconstruction,clean,16.5092334993253,8.36781109986123
UJIIndoorLoc,22,RC-NoReconstruction,device_offset_-6db,16.36284369682546,8.399228872910975
UJIIndoorLoc,22,RC-NoReconstruction,persistent_bias_8db,18.060075352956183,8.84430053836145
UJIIndoorLoc,22,RC-NoReconstruction,top20_outage,93.85191010322694,32.62925092270235
UJIIndoorLoc,22,RC-NoReconstruction,top20_outage_plus_bias4db,93.30193743804897,32.13514570703514
UJIIndoorLoc,33,RC-NoAugCoord,clean,15.44227403573894,8.164233451818912
UJIIndoorLoc,33,RC-NoAugCoord,device_offset_-6db,16.02002769646814,8.513151912150194
UJIIndoorLoc,33,RC-NoAugCoord,persistent_bias_8db,16.330580314072716,8.402258533408348
UJIIndoorLoc,33,RC-NoAugCoord,top20_outage,106.561281301133,32.25627848790612
UJIIndoorLoc,33,RC-NoAugCoord,top20_outage_plus_bias4db,110.81769056700098,32.27274017703408
UJIIndoorLoc,33,RC-NoCoarseHeads,clean,15.743934590191186,8.064052311130997
UJIIndoorLoc,33,RC-NoCoarseHeads,device_offset_-6db,16.53445520121487,8.632696925340973
UJIIndoorLoc,33,RC-NoCoarseHeads,persistent_bias_8db,16.408331795655066,8.233217086037877
UJIIndoorLoc,33,RC-NoCoarseHeads,top20_outage,72.20775558602669,27.898990498414392
UJIIndoorLoc,33,RC-NoCoarseHeads,top20_outage_plus_bias4db,73.81006346848048,27.985408936153632
UJIIndoorLoc,33,RC-NoConsistency,clean,15.977593410088692,8.226605011335442
UJIIndoorLoc,33,RC-NoConsistency,device_offset_-6db,15.971342749688398,8.610338501868505
UJIIndoorLoc,33,RC-NoConsistency,persistent_bias_8db,16.272911089377725,8.545641908222422
UJIIndoorLoc,33,RC-NoConsistency,top20_outage,71.58330003613113,26.28597998553761
UJIIndoorLoc,33,RC-NoConsistency,top20_outage_plus_bias4db,72.59742805046011,26.43448800484205
UJIIndoorLoc,33,RC-NoCorruption,clean,17.590764314526893,8.896308383605142
UJIIndoorLoc,33,RC-NoCorruption,device_offset_-6db,19.002823219794365,9.569072836711136
UJIIndoorLoc,33,RC-NoCorruption,persistent_bias_8db,17.916944781255733,9.175638278436711
UJIIndoorLoc,33,RC-NoCorruption,top20_outage,143.69589199366456,56.205075655129846
UJIIndoorLoc,33,RC-NoCorruption,top20_outage_plus_bias4db,142.9295628030207,54.67554065487033
UJIIndoorLoc,33,RC-NoMask,clean,16.052528112256027,8.352443320872444
UJIIndoorLoc,33,RC-NoMask,device_offset_-6db,15.784335477935992,8.589230576561464
UJIIndoorLoc,33,RC-NoMask,persistent_bias_8db,15.827532177336618,8.518068378041729
UJIIndoorLoc,33,RC-NoMask,top20_outage,99.79487262241612,31.766221130588203
UJIIndoorLoc,33,RC-NoMask,top20_outage_plus_bias4db,100.5407809882577,31.870913955097546
UJIIndoorLoc,33,RC-NoReconstruction,clean,15.879777354690264,8.089882642373823
UJIIndoorLoc,33,RC-NoReconstruction,device_offset_-6db,16.277505582912752,8.324142444151217
UJIIndoorLoc,33,RC-NoReconstruction,persistent_bias_8db,16.470273173648692,8.413632149670871
UJIIndoorLoc,33,RC-NoReconstruction,top20_outage,90.99185051949384,30.68369828001149
UJIIndoorLoc,33,RC-NoReconstruction,top20_outage_plus_bias4db,96.1108829973493,31.22927792164252
UJIIndoorLoc,44,RC-NoAugCoord,clean,15.58388019129465,8.112201082343807
UJIIndoorLoc,44,RC-NoAugCoord,device_offset_-6db,16.266575037680585,8.384794754546565
UJIIndoorLoc,44,RC-NoAugCoord,persistent_bias_8db,16.04287154699177,8.531866959369955
UJIIndoorLoc,44,RC-NoAugCoord,top20_outage,72.36186768532613,28.56996652894469
UJIIndoorLoc,44,RC-NoAugCoord,top20_outage_plus_bias4db,71.42348286062845,28.81508710022328
UJIIndoorLoc,44,RC-NoCoarseHeads,clean,15.95772289722396,7.844721995524628
UJIIndoorLoc,44,RC-NoCoarseHeads,device_offset_-6db,16.47104608492127,8.289043387821653
UJIIndoorLoc,44,RC-NoCoarseHeads,persistent_bias_8db,16.649281436734867,8.261892236974587
UJIIndoorLoc,44,RC-NoCoarseHeads,top20_outage,76.33654184601383,33.77829357850986
UJIIndoorLoc,44,RC-NoCoarseHeads,top20_outage_plus_bias4db,75.53442430587792,33.8997939183809
UJIIndoorLoc,44,RC-NoConsistency,clean,16.067543140806578,8.130554564430467
UJIIndoorLoc,44,RC-NoConsistency,device_offset_-6db,16.301634632254494,8.314119893185621
UJIIndoorLoc,44,RC-NoConsistency,persistent_bias_8db,16.453961171813077,8.424436121231048
UJIIndoorLoc,44,RC-NoConsistency,top20_outage,74.4817632798398,28.390774253901096
UJIIndoorLoc,44,RC-NoConsistency,top20_outage_plus_bias4db,71.46312340546388,28.20579859941944
UJIIndoorLoc,44,RC-NoCorruption,clean,17.08966458849499,8.791805157425493
UJIIndoorLoc,44,RC-NoCorruption,device_offset_-6db,18.569347914493445,9.461374452577871
UJIIndoorLoc,44,RC-NoCorruption,persistent_bias_8db,18.459752023397723,9.287394964397809
UJIIndoorLoc,44,RC-NoCorruption,top20_outage,146.56862015914143,54.80457026403734
UJIIndoorLoc,44,RC-NoCorruption,top20_outage_plus_bias4db,147.1756083335296,56.74533253432556
UJIIndoorLoc,44,RC-NoMask,clean,16.24984793374969,8.256392628366006
UJIIndoorLoc,44,RC-NoMask,device_offset_-6db,16.497872638347232,8.576569758726073
UJIIndoorLoc,44,RC-NoMask,persistent_bias_8db,16.753964149899996,8.404486098160174
UJIIndoorLoc,44,RC-NoMask,top20_outage,82.17824037209125,27.871333771876703
UJIIndoorLoc,44,RC-NoMask,top20_outage_plus_bias4db,78.99589054983086,26.895450625048028
UJIIndoorLoc,44,RC-NoReconstruction,clean,16.62705943695202,8.233558801992801
UJIIndoorLoc,44,RC-NoReconstruction,device_offset_-6db,16.617981241144513,8.397158665150092
UJIIndoorLoc,44,RC-NoReconstruction,persistent_bias_8db,17.45385074728739,8.513246188704553
UJIIndoorLoc,44,RC-NoReconstruction,top20_outage,77.97544615129604,28.362366268361026
UJIIndoorLoc,44,RC-NoReconstruction,top20_outage_plus_bias4db,77.0532307135632,27.89109935096183
UJIIndoorLoc,55,RC-NoAugCoord,clean,16.764922651615972,8.296221532926237
UJIIndoorLoc,55,RC-NoAugCoord,device_offset_-6db,16.640649429016452,8.59248703514831
UJIIndoorLoc,55,RC-NoAugCoord,persistent_bias_8db,17.396138017580526,8.636014032951172
UJIIndoorLoc,55,RC-NoAugCoord,top20_outage,71.15171637398669,26.68044508893537
UJIIndoorLoc,55,RC-NoAugCoord,top20_outage_plus_bias4db,70.26764979986405,26.06791603905913
UJIIndoorLoc,55,RC-NoCoarseHeads,clean,16.444884904495705,7.686882648174591
UJIIndoorLoc,55,RC-NoCoarseHeads,device_offset_-6db,16.05314657886332,7.992525434689012
UJIIndoorLoc,55,RC-NoCoarseHeads,persistent_bias_8db,17.130830563948635,8.202168662891017
UJIIndoorLoc,55,RC-NoCoarseHeads,top20_outage,73.41979881414929,27.92144688190493
UJIIndoorLoc,55,RC-NoCoarseHeads,top20_outage_plus_bias4db,74.15070354265524,28.564642511401072
UJIIndoorLoc,55,RC-NoConsistency,clean,16.22736604738987,7.954748644402099
UJIIndoorLoc,55,RC-NoConsistency,device_offset_-6db,16.170048154394745,8.220207913050036
UJIIndoorLoc,55,RC-NoConsistency,persistent_bias_8db,16.66243024469471,8.4389642162554
UJIIndoorLoc,55,RC-NoConsistency,top20_outage,86.24177580613444,29.712830305259512
UJIIndoorLoc,55,RC-NoConsistency,top20_outage_plus_bias4db,82.83702228155693,29.647669935607183
UJIIndoorLoc,55,RC-NoCorruption,clean,17.2426720533431,8.978278236360074
UJIIndoorLoc,55,RC-NoCorruption,device_offset_-6db,18.38221210401212,9.72798080761437
UJIIndoorLoc,55,RC-NoCorruption,persistent_bias_8db,18.447424162098933,9.338440623467958
UJIIndoorLoc,55,RC-NoCorruption,top20_outage,144.2264460125407,55.97856934136367
UJIIndoorLoc,55,RC-NoCorruption,top20_outage_plus_bias4db,132.84785765524714,53.92813755244621
UJIIndoorLoc,55,RC-NoMask,clean,15.749067558964306,8.281394556095394
UJIIndoorLoc,55,RC-NoMask,device_offset_-6db,15.75441728439828,8.344951268405596
UJIIndoorLoc,55,RC-NoMask,persistent_bias_8db,17.610885819322142,8.546532802657087
UJIIndoorLoc,55,RC-NoMask,top20_outage,82.75421410747109,28.452459620701685
UJIIndoorLoc,55,RC-NoMask,top20_outage_plus_bias4db,85.22027811597471,28.18625424004748
UJIIndoorLoc,55,RC-NoReconstruction,clean,16.52157072037179,8.295296957812642
UJIIndoorLoc,55,RC-NoReconstruction,device_offset_-6db,17.158469077309643,8.674878358434885
UJIIndoorLoc,55,RC-NoReconstruction,persistent_bias_8db,17.451885132117717,8.779742891238438
UJIIndoorLoc,55,RC-NoReconstruction,top20_outage,106.8740518292633,34.59829353499169
UJIIndoorLoc,55,RC-NoReconstruction,top20_outage_plus_bias4db,105.29257151779667,33.33965588912794
UTSIndoorLoc,11,RC-NoAugCoord,clean,13.084860367005456,7.403516459137882
UTSIndoorLoc,11,RC-NoAugCoord,device_offset_-6db,13.568140543593584,7.585814889651259
UTSIndoorLoc,11,RC-NoAugCoord,persistent_bias_8db,12.59849828312226,7.391602599706029
UTSIndoorLoc,11,RC-NoAugCoord,top20_outage,18.67378995467486,9.895474808755049
UTSIndoorLoc,11,RC-NoAugCoord,top20_outage_plus_bias4db,18.68271862765928,9.7907723124069
UTSIndoorLoc,11,RC-NoCoarseHeads,clean,12.136696923922525,7.20821083446477
UTSIndoorLoc,11,RC-NoCoarseHeads,device_offset_-6db,12.391783845346062,7.1662403362021125
UTSIndoorLoc,11,RC-NoCoarseHeads,persistent_bias_8db,11.642029665149384,7.003055646764145
UTSIndoorLoc,11,RC-NoCoarseHeads,top20_outage,18.56535600805969,9.556964899317355
UTSIndoorLoc,11,RC-NoCoarseHeads,top20_outage_plus_bias4db,17.988367958669613,9.497999432646802
UTSIndoorLoc,11,RC-NoConsistency,clean,12.953737543871396,7.1793036541390025
UTSIndoorLoc,11,RC-NoConsistency,device_offset_-6db,13.164712004373929,7.387497754454058
UTSIndoorLoc,11,RC-NoConsistency,persistent_bias_8db,12.450986063193907,7.071183354409345
UTSIndoorLoc,11,RC-NoConsistency,top20_outage,18.40088313496189,9.786574661000277
UTSIndoorLoc,11,RC-NoConsistency,top20_outage_plus_bias4db,19.30721995277992,9.879523727253495
UTSIndoorLoc,11,RC-NoCorruption,clean,12.877129841529127,7.443822733434493
UTSIndoorLoc,11,RC-NoCorruption,device_offset_-6db,13.290870173356089,7.5334070734828495
UTSIndoorLoc,11,RC-NoCorruption,persistent_bias_8db,12.998075227910098,7.339701235993467
UTSIndoorLoc,11,RC-NoCorruption,top20_outage,19.69388495467742,10.3948998456265
UTSIndoorLoc,11,RC-NoCorruption,top20_outage_plus_bias4db,19.8899239760118,10.410314756348315
UTSIndoorLoc,11,RC-NoMask,clean,13.421633815260526,7.5151341506716465
UTSIndoorLoc,11,RC-NoMask,device_offset_-6db,13.432373898826516,7.566278377481441
UTSIndoorLoc,11,RC-NoMask,persistent_bias_8db,12.39871434713409,7.237418033641338
UTSIndoorLoc,11,RC-NoMask,top20_outage,24.286524484405373,11.40774838336914
UTSIndoorLoc,11,RC-NoMask,top20_outage_plus_bias4db,23.642008431240274,11.292462554655383
UTSIndoorLoc,11,RC-NoReconstruction,clean,12.123418577760235,7.288689048549453
UTSIndoorLoc,11,RC-NoReconstruction,device_offset_-6db,11.88183415548797,7.039111182048042
UTSIndoorLoc,11,RC-NoReconstruction,persistent_bias_8db,12.209852056193704,7.226473751205604
UTSIndoorLoc,11,RC-NoReconstruction,top20_outage,19.955339802326016,10.369060813847575
UTSIndoorLoc,11,RC-NoReconstruction,top20_outage_plus_bias4db,19.8882079229166,10.369469145349372
UTSIndoorLoc,22,RC-NoAugCoord,clean,13.029175001307214,7.207000000700814
UTSIndoorLoc,22,RC-NoAugCoord,device_offset_-6db,13.389338274148727,7.265599127009355
UTSIndoorLoc,22,RC-NoAugCoord,persistent_bias_8db,12.361798595413116,7.061619655220352
UTSIndoorLoc,22,RC-NoAugCoord,top20_outage,21.64414692525702,11.0813173506011
UTSIndoorLoc,22,RC-NoAugCoord,top20_outage_plus_bias4db,21.59213349739634,11.072642583792604
UTSIndoorLoc,22,RC-NoCoarseHeads,clean,12.378280317715603,7.049915039203262
UTSIndoorLoc,22,RC-NoCoarseHeads,device_offset_-6db,12.022903768355336,7.001872460834146
UTSIndoorLoc,22,RC-NoCoarseHeads,persistent_bias_8db,12.552930744407371,7.04856663810215
UTSIndoorLoc,22,RC-NoCoarseHeads,top20_outage,21.38805426757464,10.662763091337329
UTSIndoorLoc,22,RC-NoCoarseHeads,top20_outage_plus_bias4db,22.05804463661688,10.761182671921617
UTSIndoorLoc,22,RC-NoConsistency,clean,12.433127714607688,7.018964541205264
UTSIndoorLoc,22,RC-NoConsistency,device_offset_-6db,12.663579558490158,7.048315265403279
UTSIndoorLoc,22,RC-NoConsistency,persistent_bias_8db,12.648625634140094,7.118147043135713
UTSIndoorLoc,22,RC-NoConsistency,top20_outage,20.49348047055587,10.824800127742336
UTSIndoorLoc,22,RC-NoConsistency,top20_outage_plus_bias4db,20.479567055142965,10.862360415179936
UTSIndoorLoc,22,RC-NoCorruption,clean,14.367852181761188,7.780570221784157
UTSIndoorLoc,22,RC-NoCorruption,device_offset_-6db,14.717200422458616,8.050286173141888
UTSIndoorLoc,22,RC-NoCorruption,persistent_bias_8db,14.469122359640023,7.778988713700312
UTSIndoorLoc,22,RC-NoCorruption,top20_outage,22.24754058546254,11.232808714985842
UTSIndoorLoc,22,RC-NoCorruption,top20_outage_plus_bias4db,21.707168791216205,11.350069150652557
UTSIndoorLoc,22,RC-NoMask,clean,12.67176630072587,6.990988725008697
UTSIndoorLoc,22,RC-NoMask,device_offset_-6db,13.784593684949709,7.3734760466712785
UTSIndoorLoc,22,RC-NoMask,persistent_bias_8db,12.849069483447948,7.01584510820938
UTSIndoorLoc,22,RC-NoMask,top20_outage,27.169951772186693,12.761014978996633
UTSIndoorLoc,22,RC-NoMask,top20_outage_plus_bias4db,26.821305733818782,12.859986618880017
UTSIndoorLoc,22,RC-NoReconstruction,clean,12.377682271586222,7.0626560579708455
UTSIndoorLoc,22,RC-NoReconstruction,device_offset_-6db,12.84920790485292,6.9779102221191724
UTSIndoorLoc,22,RC-NoReconstruction,persistent_bias_8db,12.866378645338578,7.154943295789299
UTSIndoorLoc,22,RC-NoReconstruction,top20_outage,20.586359159834085,10.238044264556663
UTSIndoorLoc,22,RC-NoReconstruction,top20_outage_plus_bias4db,20.282307433593587,10.360643435416442
UTSIndoorLoc,33,RC-NoAugCoord,clean,12.20810439701151,6.952527029267774
UTSIndoorLoc,33,RC-NoAugCoord,device_offset_-6db,11.744004314578696,6.847302070003196
UTSIndoorLoc,33,RC-NoAugCoord,persistent_bias_8db,12.102921616248272,7.055051690894167
UTSIndoorLoc,33,RC-NoAugCoord,top20_outage,21.002980796708805,10.904947579555726
UTSIndoorLoc,33,RC-NoAugCoord,top20_outage_plus_bias4db,21.52471861872036,10.913799457286643
UTSIndoorLoc,33,RC-NoCoarseHeads,clean,12.00763608389036,6.94985968517134
UTSIndoorLoc,33,RC-NoCoarseHeads,device_offset_-6db,12.292872200314674,6.928818373724503
UTSIndoorLoc,33,RC-NoCoarseHeads,persistent_bias_8db,11.928076365933563,7.001216833080247
UTSIndoorLoc,33,RC-NoCoarseHeads,top20_outage,18.87007641009449,9.827142605345896
UTSIndoorLoc,33,RC-NoCoarseHeads,top20_outage_plus_bias4db,18.551512574825058,9.70273499515306
UTSIndoorLoc,33,RC-NoConsistency,clean,11.191559548960822,6.794684048048622
UTSIndoorLoc,33,RC-NoConsistency,device_offset_-6db,11.152468055801611,6.698399890422566
UTSIndoorLoc,33,RC-NoConsistency,persistent_bias_8db,11.576457259274088,6.796027059343208
UTSIndoorLoc,33,RC-NoConsistency,top20_outage,19.16571443444675,9.945172202094987
UTSIndoorLoc,33,RC-NoConsistency,top20_outage_plus_bias4db,19.19513188543541,9.883930076771064
UTSIndoorLoc,33,RC-NoCorruption,clean,13.338022426411706,7.665970479900706
UTSIndoorLoc,33,RC-NoCorruption,device_offset_-6db,13.411395218348115,7.811356485612678
UTSIndoorLoc,33,RC-NoCorruption,persistent_bias_8db,14.932366943935818,7.959745415374044
UTSIndoorLoc,33,RC-NoCorruption,top20_outage,23.856253757082623,12.19265450805394
UTSIndoorLoc,33,RC-NoCorruption,top20_outage_plus_bias4db,24.179910190778653,12.338493335986538
UTSIndoorLoc,33,RC-NoMask,clean,12.47357902474782,7.089836458899956
UTSIndoorLoc,33,RC-NoMask,device_offset_-6db,12.781831888515148,7.1880575276931005
UTSIndoorLoc,33,RC-NoMask,persistent_bias_8db,12.823796179895398,7.332106645373421
UTSIndoorLoc,33,RC-NoMask,top20_outage,25.08568414588245,11.645064181500471
UTSIndoorLoc,33,RC-NoMask,top20_outage_plus_bias4db,24.446358650366047,11.32595642061202
UTSIndoorLoc,33,RC-NoReconstruction,clean,12.017497914041298,6.914624125390428
UTSIndoorLoc,33,RC-NoReconstruction,device_offset_-6db,12.37744651681013,7.010293235600671
UTSIndoorLoc,33,RC-NoReconstruction,persistent_bias_8db,11.974895333583891,7.019499998575328
UTSIndoorLoc,33,RC-NoReconstruction,top20_outage,20.815321027598,10.799707928775234
UTSIndoorLoc,33,RC-NoReconstruction,top20_outage_plus_bias4db,20.97291567621765,10.728370670077954
UTSIndoorLoc,44,RC-NoAugCoord,clean,11.678024007005686,6.760195724835069
UTSIndoorLoc,44,RC-NoAugCoord,device_offset_-6db,11.899729730492576,6.746103874852194
UTSIndoorLoc,44,RC-NoAugCoord,persistent_bias_8db,12.042367763241076,6.98355750364398
UTSIndoorLoc,44,RC-NoAugCoord,top20_outage,23.621698185772857,11.352831120215788
UTSIndoorLoc,44,RC-NoAugCoord,top20_outage_plus_bias4db,22.8545639569179,11.376045779322231
UTSIndoorLoc,44,RC-NoCoarseHeads,clean,12.62944495255462,6.845682881463595
UTSIndoorLoc,44,RC-NoCoarseHeads,device_offset_-6db,12.826939747897235,6.784766747746471
UTSIndoorLoc,44,RC-NoCoarseHeads,persistent_bias_8db,13.33519668200018,6.960420769009179
UTSIndoorLoc,44,RC-NoCoarseHeads,top20_outage,21.533205211963377,10.24097758033037
UTSIndoorLoc,44,RC-NoCoarseHeads,top20_outage_plus_bias4db,21.7293399390328,10.26950400439453
UTSIndoorLoc,44,RC-NoConsistency,clean,11.764652817927765,6.805469395158876
UTSIndoorLoc,44,RC-NoConsistency,device_offset_-6db,11.708282805846318,6.690913362825323
UTSIndoorLoc,44,RC-NoConsistency,persistent_bias_8db,12.388544034253014,6.949481265553911
UTSIndoorLoc,44,RC-NoConsistency,top20_outage,27.85972863768096,11.885300652578872
UTSIndoorLoc,44,RC-NoConsistency,top20_outage_plus_bias4db,28.076073449263763,11.947022996831407
UTSIndoorLoc,44,RC-NoCorruption,clean,13.71542259193003,7.296872768489308
UTSIndoorLoc,44,RC-NoCorruption,device_offset_-6db,14.126684204061805,7.338697851288834
UTSIndoorLoc,44,RC-NoCorruption,persistent_bias_8db,13.183383833800276,7.439245262562947
UTSIndoorLoc,44,RC-NoCorruption,top20_outage,21.51500320374048,11.468355731846396
UTSIndoorLoc,44,RC-NoCorruption,top20_outage_plus_bias4db,21.66826449728291,11.456410505175318
UTSIndoorLoc,44,RC-NoMask,clean,12.029477390354456,6.8211730128369386
UTSIndoorLoc,44,RC-NoMask,device_offset_-6db,12.159071529912334,6.853063186114286
UTSIndoorLoc,44,RC-NoMask,persistent_bias_8db,12.643145563157663,6.941721041914452
UTSIndoorLoc,44,RC-NoMask,top20_outage,24.316240388542408,11.283116903055888
UTSIndoorLoc,44,RC-NoMask,top20_outage_plus_bias4db,24.86973916207229,11.280136163662709
UTSIndoorLoc,44,RC-NoReconstruction,clean,12.033208550556225,6.789593682863554
UTSIndoorLoc,44,RC-NoReconstruction,device_offset_-6db,12.499401850531177,6.739268384674735
UTSIndoorLoc,44,RC-NoReconstruction,persistent_bias_8db,12.001491273893066,6.935429155101522
UTSIndoorLoc,44,RC-NoReconstruction,top20_outage,24.07030328469492,11.374807982221231
UTSIndoorLoc,44,RC-NoReconstruction,top20_outage_plus_bias4db,23.3730426121559,11.501868239431692
UTSIndoorLoc,55,RC-NoAugCoord,clean,11.713474849844657,6.991293731168549
UTSIndoorLoc,55,RC-NoAugCoord,device_offset_-6db,12.623021858092027,7.130160951235209
UTSIndoorLoc,55,RC-NoAugCoord,persistent_bias_8db,11.793085366650269,6.9237908378386885
UTSIndoorLoc,55,RC-NoAugCoord,top20_outage,21.92398706688952,10.778337427023883
UTSIndoorLoc,55,RC-NoAugCoord,top20_outage_plus_bias4db,22.91933141381321,11.013201278307283
UTSIndoorLoc,55,RC-NoCoarseHeads,clean,12.662764515564568,7.06951297735451
UTSIndoorLoc,55,RC-NoCoarseHeads,device_offset_-6db,12.35114646652828,7.007122758067113
UTSIndoorLoc,55,RC-NoCoarseHeads,persistent_bias_8db,11.793985374921656,6.931527476416526
UTSIndoorLoc,55,RC-NoCoarseHeads,top20_outage,19.99889012039385,10.119519469728372
UTSIndoorLoc,55,RC-NoCoarseHeads,top20_outage_plus_bias4db,20.439818380538863,10.112829150497808
UTSIndoorLoc,55,RC-NoConsistency,clean,12.382744734001818,7.094264969961959
UTSIndoorLoc,55,RC-NoConsistency,device_offset_-6db,12.46843116851417,7.034270072663161
UTSIndoorLoc,55,RC-NoConsistency,persistent_bias_8db,11.884181545866232,7.024252288639666
UTSIndoorLoc,55,RC-NoConsistency,top20_outage,19.519445264829344,9.809659094447072
UTSIndoorLoc,55,RC-NoConsistency,top20_outage_plus_bias4db,19.355739301745672,9.768240220958296
UTSIndoorLoc,55,RC-NoCorruption,clean,13.506613832212322,7.531800446370726
UTSIndoorLoc,55,RC-NoCorruption,device_offset_-6db,14.185133838098151,7.681564246369229
UTSIndoorLoc,55,RC-NoCorruption,persistent_bias_8db,12.664212529881922,7.290964806555053
UTSIndoorLoc,55,RC-NoCorruption,top20_outage,29.291666341743223,13.100394396201182
UTSIndoorLoc,55,RC-NoCorruption,top20_outage_plus_bias4db,29.52249771624641,13.13459809935446
UTSIndoorLoc,55,RC-NoMask,clean,12.498463528970632,6.94657535972794
UTSIndoorLoc,55,RC-NoMask,device_offset_-6db,12.326758619352056,6.929638245823718
UTSIndoorLoc,55,RC-NoMask,persistent_bias_8db,11.643961922878466,6.831480748512906
UTSIndoorLoc,55,RC-NoMask,top20_outage,23.155213779276227,11.003651736336366
UTSIndoorLoc,55,RC-NoMask,top20_outage_plus_bias4db,21.81949009324391,10.92869924705336
UTSIndoorLoc,55,RC-NoReconstruction,clean,12.214870788036633,7.0974714090711375
UTSIndoorLoc,55,RC-NoReconstruction,device_offset_-6db,12.504389796232507,6.942161498870483
UTSIndoorLoc,55,RC-NoReconstruction,persistent_bias_8db,11.767669415981777,7.164462004895054
UTSIndoorLoc,55,RC-NoReconstruction,top20_outage,19.77547231448853,10.025165459145384
UTSIndoorLoc,55,RC-NoReconstruction,top20_outage_plus_bias4db,19.84960327271857,9.959090827278148
UJIIndoorLoc,11,RC-Loc,clean,15.831565785472073,8.361501634749139
UJIIndoorLoc,22,RC-Loc,clean,16.589343952526082,8.203123814761014
UJIIndoorLoc,33,RC-Loc,clean,15.972108063484814,8.219085366542366
UJIIndoorLoc,44,RC-Loc,clean,15.43306820688406,7.78724497640263
UJIIndoorLoc,55,RC-Loc,clean,16.970200051979795,8.21090638519448
UTSIndoorLoc,11,RC-Loc,clean,12.390777539605835,7.092149861756727
UTSIndoorLoc,22,RC-Loc,clean,11.722743654007491,6.873742033834531
UTSIndoorLoc,33,RC-Loc,clean,11.34882350714538,6.852364517752427
UTSIndoorLoc,44,RC-Loc,clean,11.774627820915772,6.758469646915311
UTSIndoorLoc,55,RC-Loc,clean,12.369251982444087,7.1935715677894
