dataset,seed,method,gamma,k,power,blend,val_n,val_mean_m,val_median_m,val_rmse_m,val_p75_m,val_p90_m,val_p95_m,val_within_3m
UJIIndoorLoc,11,RC-NoAugCoord,2.0,17,2.0,0.85,3576.0,7.393618097485229,5.411037231444636,11.868397566492582,9.271615722061432,13.615706316727668,18.334606779856387,0.2427293064876957
UJIIndoorLoc,11,RC-NoCoarseHeads,2.0,5,2.0,0.7,3576.0,7.336223669236755,5.348829859668314,11.488340011146104,8.876963502150469,13.8526320105629,19.01277532886497,0.2223154362416107
UJIIndoorLoc,11,RC-NoConsistency,1.0,5,1.0,"('adaptive', 0.3, 13.573118046781541)",3576.0,7.433777821480356,5.356224260292162,11.95250729501365,9.223990421827676,13.637062903252897,18.712567040454687,0.2248322147651006
UJIIndoorLoc,11,RC-NoCorruption,2.0,11,2.0,"('adaptive', 0.0, 15.037996307811714)",3576.0,7.917509144506068,5.702193643153954,12.58338341271568,9.677260783294498,14.89056861883807,19.452618598044605,0.1935123042505593
UJIIndoorLoc,11,RC-NoMask,0.0,7,2.0,"('adaptive', 0.3, 18.21759915624992)",3576.0,7.874979012935402,5.777631375315978,12.339037388655823,9.535016543573017,14.506097255097528,19.102224588921587,0.2080536912751678
UJIIndoorLoc,11,RC-NoReconstruction,2.0,7,2.0,"('adaptive', 0.15, 7.525753072155037)",3576.0,7.48921597770642,5.397809182182748,11.970898526130345,9.087453655723728,13.75430508387658,19.133449363813845,0.20665548098434
UJIIndoorLoc,22,RC-NoAugCoord,2.0,7,2.0,"('adaptive', 0.0, 15.316242158180168)",3479.0,8.358418625300144,5.878141208950511,14.854155558198544,9.70259165374312,14.930366832023411,20.60163840128916,0.2017821212992239
UJIIndoorLoc,22,RC-NoCoarseHeads,2.0,17,2.0,0.85,3479.0,7.061871713640979,4.690276338042943,13.22440172099797,8.07802003584473,13.158855213108811,17.695963986681683,0.3023857430296062
UJIIndoorLoc,22,RC-NoConsistency,2.0,11,2.0,"('adaptive', 0.15, 16.015163397852493)",3479.0,7.720060663926846,5.436049837084525,13.456831198925288,9.10342791627406,14.126651499875928,18.517937392137583,0.2316757688991089
UJIIndoorLoc,22,RC-NoCorruption,2.0,11,1.0,0.7,3479.0,7.605458532635855,5.247933072842214,13.643657129258546,8.878106072005526,14.283558238104463,18.97683470017597,0.2405863753952285
UJIIndoorLoc,22,RC-NoMask,2.0,17,2.0,0.85,3479.0,7.383491269252523,5.0146474698942445,13.419471611474776,8.30026205808904,13.168077307638596,18.832838132393608,0.2526588100028744
UJIIndoorLoc,22,RC-NoReconstruction,2.0,17,1.0,"('adaptive', 0.3, 7.240023432088286)",3479.0,7.441124158833791,5.009686647502776,13.390906267880796,8.445696401284785,13.580857042848285,18.312265928512325,0.2431733256682955
UJIIndoorLoc,33,RC-NoAugCoord,2.0,17,2.0,0.7,3604.0,7.489841273457789,5.227691494131671,12.66646948839781,9.441578937566051,14.067437007992655,18.601571424713804,0.2555493895671476
UJIIndoorLoc,33,RC-NoCoarseHeads,2.0,11,2.0,0.7,3604.0,7.337564917609676,4.958509560839889,12.4574918650714,8.698478730715507,14.368725562207755,19.80688386675952,0.2455604883462819
UJIIndoorLoc,33,RC-NoConsistency,2.0,5,2.0,0.7,3604.0,7.330099650088794,5.230861286681444,12.24630770293102,8.973448313662738,13.93636342418313,17.72636711627847,0.2444506104328523
UJIIndoorLoc,33,RC-NoCorruption,1.0,5,2.0,0.7,3604.0,7.551436539841021,5.390585001182261,12.535726008036294,9.311170062532844,14.390337071899364,18.433744944263346,0.2308546059933407
UJIIndoorLoc,33,RC-NoMask,0.5,5,2.0,0.85,3604.0,7.574567853101365,5.129292272262183,12.78611405697877,9.217454425048444,14.899133512495167,19.561300164786743,0.2475027746947835
UJIIndoorLoc,33,RC-NoReconstruction,0.0,5,2.0,"('adaptive', 0.3, 16.129258071489787)",3604.0,7.704329990155047,5.310499993975778,12.956722474771691,9.517975159381036,14.50309394636004,19.921436090481084,0.2339067702552719
UJIIndoorLoc,44,RC-NoAugCoord,2.0,11,2.0,0.85,3699.0,6.314359784029168,4.900868007986328,8.310973512703576,8.488661042079473,12.511284971585305,15.28049315784268,0.2833198161665315
UJIIndoorLoc,44,RC-NoCoarseHeads,1.0,5,1.0,0.85,3699.0,5.987192494400164,4.440644363760067,8.096492666339456,7.796694669710181,12.215927584269943,14.497639816113708,0.3022438496891051
UJIIndoorLoc,44,RC-NoConsistency,2.0,11,1.0,0.7,3699.0,6.414394472863987,4.850716904834325,8.43634756600445,8.700130386485785,12.887108843042816,15.284498056047392,0.2773722627737226
UJIIndoorLoc,44,RC-NoCorruption,2.0,17,1.0,0.7,3699.0,6.508178539286991,4.978024119658816,8.742730594909917,8.647749210032192,12.573450660580132,16.05193149066179,0.2525006758583401
UJIIndoorLoc,44,RC-NoMask,2.0,5,2.0,0.5,3699.0,6.785603863099577,5.356044302303422,8.82017658070792,8.894838571999724,13.247917641040676,16.534132684583266,0.2357393890240605
UJIIndoorLoc,44,RC-NoReconstruction,2.0,17,2.0,"('adaptive', 0.0, 15.128836908667031)",3699.0,6.750148283876781,5.350380321322833,8.823002627110448,8.930004797446301,13.464969450009807,16.368354454581503,0.2484455258177886
UJIIndoorLoc,55,RC-NoAugCoord,2.0,17,2.0,0.85,3620.0,6.88267235663362,5.290950874579592,11.11395128309197,8.81277298664839,12.299218947804464,15.679328204666716,0.2273480662983425
UJIIndoorLoc,55,RC-NoCoarseHeads,1.0,17,1.0,"('adaptive', 0.3, 13.573456214404574)",3620.0,6.7091813147047725,4.856175608422664,11.102174184232227,8.312317990078075,13.033742644564324,15.717974417534744,0.2569060773480663
UJIIndoorLoc,55,RC-NoConsistency,0.0,17,2.0,"('adaptive', 0.3, 18.340013886157173)",3620.0,7.046603602983613,5.34867812024293,11.31903914480466,8.983408528707429,13.07380539388266,16.491445271744112,0.2353591160220994
UJIIndoorLoc,55,RC-NoCorruption,1.0,3,2.0,0.85,3620.0,7.317705121015645,5.397668667601591,11.60018603779295,9.409220467479804,13.918811169048906,17.826764150321743,0.2232044198895027
UJIIndoorLoc,55,RC-NoMask,0.25,11,2.0,"('adaptive', 0.3, 10.753163311669843)",3620.0,7.126772468524326,5.302073562790717,11.46607035293138,9.233931714921727,13.190318805176435,16.922841327879805,0.2243093922651933
UJIIndoorLoc,55,RC-NoReconstruction,0.0,3,1.0,0.85,3620.0,6.839200495054762,5.091195818852185,11.154223035242916,8.551695582656857,12.937217805786474,16.236876579611646,0.2370165745856353
UTSIndoorLoc,11,RC-NoAugCoord,0.25,3,2.0,"('adaptive', 0.3, 2.8374760150909424)",1682.0,4.120446667056401,3.066599765787872,5.335701556065817,5.48727248375827,7.973520919030776,11.045386725519394,0.4875148632580262
UTSIndoorLoc,11,RC-NoCoarseHeads,1.0,5,1.0,0.7,1682.0,4.113764433435375,3.0538043354724937,5.468062425228042,5.217300987310554,8.040706842155998,10.726360284378233,0.4756242568370987
UTSIndoorLoc,11,RC-NoConsistency,0.25,3,1.0,"('adaptive', 0.3, 2.852543830871597)",1682.0,4.036171093297972,3.053730674753907,5.310136617864237,5.1780645375710845,7.958973162269523,11.06907972816868,0.4744351961950059
UTSIndoorLoc,11,RC-NoCorruption,2.0,7,2.0,0.5,1682.0,4.315922276829028,3.228891277911591,5.540181425392999,5.5555415633391245,8.461810905005295,10.80777024600146,0.4595719381688466
UTSIndoorLoc,11,RC-NoMask,0.5,3,1.0,0.7,1682.0,4.0515983359159895,2.883025560380419,5.352678552136128,5.306348644343256,7.955296623409815,11.120682490790804,0.5041617122473246
UTSIndoorLoc,11,RC-NoReconstruction,0.25,11,1.0,"('adaptive', 0.3, 8.932206083477347)",1682.0,4.217562041699365,2.904669130221451,5.624917043298205,5.759868311690962,8.096710836462124,11.62637313754714,0.5089179548156956
UTSIndoorLoc,22,RC-NoAugCoord,1.0,5,2.0,0.5,1627.0,3.9351068631387176,2.9360748678639608,5.170682478124954,4.626721600366082,7.913043159914859,9.97816925503894,0.53779963122311
UTSIndoorLoc,22,RC-NoCoarseHeads,2.0,3,2.0,"('adaptive', 0.0, 2.4833397865295446)",1627.0,4.003763642201399,2.98607390067724,5.172492241342033,4.93039895196553,7.652435225973563,10.434800653796843,0.5021511985248924
UTSIndoorLoc,22,RC-NoConsistency,1.0,5,2.0,0.5,1627.0,3.8731749644211177,2.847479411872964,5.0312521049513546,4.868356787916454,8.045834536372924,9.241340862214708,0.5421020282728949
UTSIndoorLoc,22,RC-NoCorruption,1.0,5,2.0,"('adaptive', 0.0, 6.5452296109077235)",1627.0,4.339686416163573,3.1483889805853016,5.771352667716027,5.139973738516375,8.244497751041646,11.435753859881777,0.4615857406269207
UTSIndoorLoc,22,RC-NoMask,1.0,5,1.0,0.5,1627.0,3.881379649319444,2.9436019369377915,5.031344130015533,4.649807377162048,7.938755295410766,9.842330519845412,0.510141364474493
UTSIndoorLoc,22,RC-NoReconstruction,1.0,5,1.0,0.7,1627.0,3.812004683774996,2.798769424049935,4.934470788662254,4.821185375790979,7.882866427739895,9.660260105913084,0.5273509526736324
UTSIndoorLoc,33,RC-NoAugCoord,2.0,5,2.0,0.5,1606.0,3.902904509046377,2.9442890868614264,5.194475977245994,4.87584777996549,7.165562421748042,8.853408321007048,0.5093399750933998
UTSIndoorLoc,33,RC-NoCoarseHeads,1.0,7,2.0,"('adaptive', 0.15, 5.583591636229748)",1606.0,3.9319862814940185,2.907516654791539,5.274796553147233,4.88856281437733,6.9370165321554085,9.781439122613165,0.5130759651307597
UTSIndoorLoc,33,RC-NoConsistency,2.0,3,2.0,"('adaptive', 0.15, 2.835073471069336)",1606.0,3.752619222531534,2.934335468937534,4.904964172385368,4.8170012864025775,6.66246606177443,8.221777840132132,0.5130759651307597
UTSIndoorLoc,33,RC-NoCorruption,1.0,7,2.0,"('adaptive', 0.0, 6.597769401313238)",1606.0,4.408604850632023,3.179639137578479,5.941924023904046,4.908929341853627,8.086299108120352,12.024185792981656,0.4464508094645081
UTSIndoorLoc,33,RC-NoMask,1.0,3,1.0,0.7,1606.0,3.889056081127418,2.9705968211659544,5.22713654184801,4.879012811523599,7.116504448169725,10.512657730210346,0.5080946450809465
UTSIndoorLoc,33,RC-NoReconstruction,1.0,3,1.0,0.7,1606.0,3.9374906014575832,2.9877252853309604,5.182133486200406,5.149892981878429,6.932667123043353,9.074865318690028,0.5093399750933998
UTSIndoorLoc,44,RC-NoAugCoord,2.0,11,1.0,"('adaptive', 0.3, 8.340704637866382)",1636.0,4.036580549515766,2.785814206291259,5.374005040779217,4.973754284701277,8.023706898613572,10.963868637336772,0.5415647921760391
UTSIndoorLoc,44,RC-NoCoarseHeads,1.0,7,1.0,"('adaptive', 0.3, 3.279028654098511)",1636.0,4.049465642762518,2.857794225304156,5.234572682451018,5.356841420141258,8.076560713404772,10.39278771963635,0.5250611246943765
UTSIndoorLoc,44,RC-NoConsistency,2.0,11,1.0,"('adaptive', 0.15, 8.617327659214858)",1636.0,4.065780725621412,2.850543797208517,5.393866034742524,4.882424726649439,8.018854728043275,11.594916872623708,0.5275061124694377
UTSIndoorLoc,44,RC-NoCorruption,1.0,3,1.0,"('adaptive', 0.0, 3.8232672214508057)",1636.0,4.188383374017979,2.987589345671635,5.723297549886861,5.057400136766212,9.115608753721975,12.430029737598868,0.5042787286063569
UTSIndoorLoc,44,RC-NoMask,2.0,3,2.0,"('adaptive', 0.3, 2.3908247320836855)",1636.0,3.915484896256631,2.778176519622545,5.091977418639962,5.02154183656409,7.583636830973726,9.714289691953102,0.5397310513447433
UTSIndoorLoc,44,RC-NoReconstruction,1.0,5,2.0,0.85,1636.0,3.911413709470288,2.791770911234302,5.234410004486429,4.939717305995367,8.144382578012454,10.729183942878208,0.5158924205378973
UTSIndoorLoc,55,RC-NoAugCoord,0.5,3,2.0,"('adaptive', 0.15, 3.551074869429445)",1504.0,3.922663699517367,3.051992930767955,4.879436317465916,4.607963667654873,7.863299678299464,10.378579981233903,0.4747340425531915
UTSIndoorLoc,55,RC-NoCoarseHeads,0.25,5,1.0,"('adaptive', 0.3, 3.824762489013156)",1504.0,3.969966290219369,3.001067313702637,4.992564377705829,5.067747727573072,7.817780817837775,9.95305871033018,0.4973404255319149
UTSIndoorLoc,55,RC-NoConsistency,0.0,7,1.0,"('adaptive', 0.3, 1.624051741191317)",1504.0,3.854017734421797,2.8510514115424543,4.902953360511542,5.028234471819486,7.91697133997146,10.083087753770492,0.526595744680851
UTSIndoorLoc,55,RC-NoCorruption,0.5,3,1.0,"('adaptive', 0.15, 3.7252382090058003)",1504.0,4.163345678421031,3.26867791338515,5.191346789737344,5.216075873702226,8.163117904717312,11.221044526481824,0.4128989361702128
UTSIndoorLoc,55,RC-NoMask,0.5,3,2.0,"('adaptive', 0.3, 3.4534757586527123)",1504.0,3.980470253031379,3.0202419525948474,5.1401406341504,4.76303429574339,7.905564791023186,10.771963811824609,0.4886968085106383
UTSIndoorLoc,55,RC-NoReconstruction,0.25,7,1.0,"('adaptive', 0.3, 5.57193477852976)",1504.0,3.9162467194452906,2.917169129233109,4.959202724806405,5.072279925027658,8.330935998808023,9.876922090907891,0.5212765957446809
