dataset,dataset_key,seed,method,mean_m,median_m,rmse_m,p75_m,p90_m,p95_m,p99_m,cvar90_m,cvar95_m,max_m,mae_x_m,mae_y_m,within_1m,within_3m,within_5m,within_10m,floor_accuracy,building_accuracy
UJIIndoorLoc,uji,11,PCA-WKNN,9.620768488593482,6.226290263824744,17.510733020733202,11.259739182313016,19.415638509853,27.83512053660512,55.857028535215,38.14431316014135,53.591080922749725,225.8425067724568,6.4899239766864705,5.938490083117564,0.052205220522052204,0.24752475247524752,0.4239423942394239,0.693969396939694,,
UJIIndoorLoc,uji,11,ExtraTrees,10.843056711386218,7.819876850666457,15.106253760431352,13.850660895372831,22.803529086801227,29.974819366636694,51.59584724112854,34.83809303398413,43.599346053162854,109.0197827594512,7.625213972470564,6.2676074613215995,0.027002700270027002,0.1692169216921692,0.3132313231323132,0.6039603960396039,,
UJIIndoorLoc,uji,11,DNNBN-reimpl,10.322319984436035,7.479884624481201,14.827892303466797,12.466058731079102,19.807344436645508,27.272683143615723,61.70923919677797,34.08929443359375,45.63520050048828,105.15422058105469,7.176249980926514,5.8865885734558105,0.019801980198019802,0.1422142214221422,0.2988298829882988,0.6435643564356436,0.9045904590459046,0.9981998199819982
UJIIndoorLoc,uji,11,CNN-RSS-reimpl,23.162166595458984,15.335250854492188,32.88288116455078,28.603703498840332,52.753562927246094,71.59431076049805,112.42208633422857,79.48182678222656,97.7977066040039,186.21046447753906,16.684803009033203,13.0,0.004500450045004501,0.0351035103510351,0.09900990099009901,0.3051305130513051,0.8100810081008101,0.9828982898289829
UJIIndoorLoc,uji,11,AaT-base-reimpl,9.21155071258545,7.214625358581543,12.201760292053223,11.603536128997803,17.753631591796875,22.928714752197266,38.61059188842774,26.921926498413086,33.89719009399414,89.03948211669922,6.067509651184082,5.670567035675049,0.016201620162016202,0.1557155715571557,0.31503150315031503,0.675967596759676,0.90999099909991,0.9990999099909991
UJIIndoorLoc,uji,11,RC-Direct,8.931225776672363,7.243617534637451,11.5150785446167,11.604595184326172,16.788253784179688,21.210988998413086,35.270481491088894,24.709197998046875,30.583696365356445,77.6561279296875,5.430813312530518,6.046804904937744,0.019801980198019802,0.1413141314131413,0.30873087308730873,0.6741674167416741,0.9072907290729073,0.9990999099909991
UJIIndoorLoc,uji,11,RC-Loc,8.361501634749139,6.522805717056937,11.235342768696748,10.99053129150715,15.831565785472073,20.881255772404835,38.2532244275368,24.931182498316932,31.48250003957956,77.37464899361268,5.190331870818858,5.573349363070809,0.0333033303330333,0.19891989198919893,0.36813681368136814,0.7074707470747075,0.9072907290729073,0.9990999099909991
UJIIndoorLoc,uji,22,PCA-WKNN,9.261198729450015,5.80191569011487,16.546427044424053,11.076487661699495,18.7458267838832,25.80557545354679,49.98200957479097,35.720862395759944,49.82937292937587,200.96503836754604,6.048985887165527,5.898342923905858,0.048604860486048604,0.24842484248424843,0.43564356435643564,0.7074707470747075,,
UJIIndoorLoc,uji,22,ExtraTrees,10.567733001777547,7.818930002997608,14.490323676555594,13.661663205313081,22.340494979868044,28.589715796471747,49.696807319091235,33.06520076639024,40.9095777875534,94.2516874164377,7.2733472038968445,6.248756792262183,0.0288028802880288,0.162016201620162,0.3177317731773177,0.6174617461746175,,
UJIIndoorLoc,uji,22,DNNBN-reimpl,10.379462242126465,7.294861316680908,15.050406455993652,12.604511260986328,20.724061965942383,26.480103492736816,64.7722465515145,34.40848159790039,45.72432327270508,103.3934097290039,7.075166702270508,6.238073825836182,0.013501350135013501,0.11431143114311432,0.3015301530153015,0.6570657065706571,0.918991899189919,0.9981998199819982
UJIIndoorLoc,uji,22,CNN-RSS-reimpl,23.663328170776367,14.883040428161621,35.278106689453125,28.249839782714844,55.27548599243164,77.43132781982422,131.96197814941453,87.26850128173828,109.48307037353516,227.08731079101562,17.340635299682617,12.603060722351074,0.0054005400540054005,0.04770477047704771,0.10531053105310531,0.32493249324932494,0.8010801080108011,0.9828982898289829
UJIIndoorLoc,uji,22,AaT-base-reimpl,9.067352294921875,7.009778022766113,12.044939041137695,11.515873908996582,17.366405487060547,22.339275360107422,37.137086868286154,26.58233642578125,33.45267105102539,79.39783477783203,5.869843482971191,5.703420162200928,0.023402340234023402,0.16831683168316833,0.3321332133213321,0.6723672367236724,0.9144914491449145,0.9990999099909991
UJIIndoorLoc,uji,22,RC-Direct,8.468019485473633,6.54831075668335,11.304533004760742,10.718486785888672,16.741134643554688,22.228184700012207,36.864119720459,25.095718383789062,31.522695541381836,76.05062866210938,5.524258136749268,5.295229434967041,0.0288028802880288,0.18361836183618363,0.36003600360036003,0.7182718271827183,0.9153915391539154,0.9990999099909991
UJIIndoorLoc,uji,22,RC-Loc,8.203123814761014,6.260303093426752,11.098572129203903,10.39295951661719,16.589343952526082,22.074561862820538,36.864119802777694,24.85930351316207,31.37795646614141,76.1898928567418,5.374158086485247,5.107747669988098,0.0333033303330333,0.20882088208820881,0.38883888388838883,0.7344734473447345,0.9153915391539154,0.9990999099909991
UJIIndoorLoc,uji,33,PCA-WKNN,9.735900077452207,6.005225531410398,18.7799096904404,11.130924763277685,18.87928142733645,26.141191201587482,69.56216056782021,40.39035894160967,58.804505417123856,234.90372270532743,6.638553158256179,5.916625027604314,0.0675067506750675,0.23672367236723674,0.42934293429342935,0.7200720072007201,,
UJIIndoorLoc,uji,33,ExtraTrees,10.770728682846274,7.577868733907266,14.934496112155596,13.925483177219544,23.579906170188966,30.978830932263907,54.04720553264826,34.94099935729099,43.35599883835531,84.46686575046603,7.454040127919329,6.320916577837489,0.034203420342034205,0.16561656165616562,0.3177317731773177,0.6228622862286228,,
UJIIndoorLoc,uji,33,DNNBN-reimpl,9.790929794311523,7.326377868652344,13.601489067077637,11.871233940124512,19.04779815673828,26.775346755981445,46.96588058471688,31.159669876098633,40.42786407470703,116.7304916381836,6.399438858032227,6.114311218261719,0.017101710171017102,0.1251125112511251,0.29432943294329433,0.6777677767776777,0.9144914491449145,0.9990999099909991
UJIIndoorLoc,uji,33,CNN-RSS-reimpl,25.056251525878906,15.508284568786621,38.075538635253906,28.408425331115723,55.74530029296875,86.20082473754883,146.97315826416056,96.16104888916016,124.00584411621094,217.6046600341797,18.841169357299805,12.708821296691895,0.0054005400540054005,0.037803780378037805,0.09810981098109811,0.31683168316831684,0.8091809180918091,0.9846984698469847
UJIIndoorLoc,uji,33,AaT-base-reimpl,8.872044563293457,7.031890869140625,11.742866516113281,11.22761583328247,16.80735969543457,23.48008918762207,39.165420150756944,26.418468475341797,33.38994598388672,75.83401489257812,5.71439790725708,5.625112533569336,0.018001800180018002,0.1701170117011701,0.32043204320432045,0.693069306930693,0.9072907290729073,0.9990999099909991
UJIIndoorLoc,uji,33,RC-Direct,8.383329391479492,6.4627299308776855,11.192061424255371,10.897907733917236,16.562484741210938,20.689099311828613,36.66468505859397,24.527957916259766,30.744705200195312,79.03804779052734,5.433381080627441,5.308280944824219,0.023402340234023402,0.17371737173717372,0.37353735373537356,0.7056705670567057,0.9126912691269127,0.9990999099909991
UJIIndoorLoc,uji,33,RC-Loc,8.219085366542366,6.195432342433783,11.09738349566763,10.559926478393823,15.972108063484814,20.60814442372912,37.40964092643602,24.53502592066629,31.227113616007614,77.03450516376272,5.4179835953488125,5.0993041919609725,0.025202520252025202,0.19171917191719173,0.40054005400540055,0.7245724572457246,0.9126912691269127,0.9990999099909991
UJIIndoorLoc,uji,44,PCA-WKNN,9.066978568304089,5.674580920433402,16.727865750438628,10.712305538651202,18.867347360878156,26.022573528975506,52.30698658984249,35.72349523771535,49.798891432879195,228.3630999814344,5.9407265189636105,5.736811920307228,0.054005400540054004,0.2619261926192619,0.45094509450945097,0.7227722772277227,,
UJIIndoorLoc,uji,44,ExtraTrees,10.707003829813859,7.783955683714537,14.987178666181878,13.767217937906775,22.90737718284096,30.221968579100626,54.22462257325709,34.8063111161892,43.480747196266734,97.44452486431068,7.441648462840138,6.228345012118743,0.0288028802880288,0.1692169216921692,0.3402340234023402,0.6228622862286228,,
UJIIndoorLoc,uji,44,DNNBN-reimpl,10.0591459274292,7.004064083099365,15.159069061279297,11.93114948272705,18.94702911376953,28.377638816833496,65.28125801086448,35.74958801269531,48.56060791015625,114.79092407226562,7.027952671051025,5.761926174163818,0.019801980198019802,0.1629162916291629,0.3339333933393339,0.6822682268226823,0.9126912691269127,0.9963996399639964
UJIIndoorLoc,uji,44,CNN-RSS-reimpl,21.89436149597168,15.221404075622559,30.58197593688965,27.164588928222656,46.17789077758789,62.21242332458496,112.69326629638721,72.08007049560547,91.01175689697266,174.16436767578125,15.127294540405273,12.997300148010254,0.0054005400540054005,0.039603960396039604,0.09090909090909091,0.2988298829882988,0.8244824482448245,0.9837983798379838
UJIIndoorLoc,uji,44,AaT-base-reimpl,8.753214836120605,6.921311378479004,11.436678886413574,11.147576332092285,17.00324249267578,22.480446815490723,38.3089797973634,25.41286277770996,31.809412002563477,68.68103790283203,5.552426815032959,5.560306072235107,0.016201620162016202,0.15121512151215122,0.35103510351035105,0.693969396939694,0.9108910891089109,0.9990999099909991
UJIIndoorLoc,uji,44,RC-Direct,8.188385009765625,6.278827667236328,10.977782249450684,10.498386859893799,16.01060676574707,20.217190742492676,38.534036254883056,24.284738540649414,30.741886138916016,76.44535827636719,5.255429267883301,5.158865928649902,0.032403240324032405,0.19711971197119713,0.37533753375337536,0.729072907290729,0.9207920792079208,0.9990999099909991
UJIIndoorLoc,uji,44,RC-Loc,7.78724497640263,6.011160215910854,10.681202627293409,9.71163233568106,15.43306820688406,20.47015039569707,38.53171486159473,24.113135620123305,30.690898966705138,76.44535444177599,5.045498783707388,4.882973084536412,0.039603960396039604,0.24302430243024303,0.41134113411341133,0.756975697569757,0.9207920792079208,0.9990999099909991
UJIIndoorLoc,uji,55,PCA-WKNN,9.85187050518112,5.975547290059845,20.889588454992936,10.713158230738774,18.242951578724544,25.96025303695332,65.99696146902222,42.71417099221099,64.53376750452813,226.1238124881636,6.703194228685145,5.951022037325894,0.05310531053105311,0.2619261926192619,0.42664266426642666,0.7245724572457246,,
UJIIndoorLoc,uji,55,ExtraTrees,11.069943748489113,7.744263715024972,15.918500160171357,13.860669846513396,24.502323463038326,31.988056789506963,60.607161914652146,37.719630254849335,48.04364235028216,113.64808062974967,7.832710473587291,6.242172867006058,0.032403240324032405,0.17281728172817282,0.32493249324932494,0.6039603960396039,,
UJIIndoorLoc,uji,55,DNNBN-reimpl,10.151082992553711,7.100196361541748,15.27463436126709,11.902275562286377,19.54336929321289,28.464787483215332,68.04222640991217,35.8773307800293,48.93606948852539,125.32288360595703,6.8566484451293945,6.045004367828369,0.0153015301530153,0.15931593159315932,0.3258325832583258,0.6822682268226823,0.9135913591359136,0.9981998199819982
UJIIndoorLoc,uji,55,CNN-RSS-reimpl,22.898679733276367,15.029906272888184,32.660579681396484,28.06639862060547,51.77716827392578,74.57928848266602,107.69914093017591,79.15986633300781,97.60734558105469,202.78152465820312,17.025901794433594,12.12241268157959,0.0063006300630063005,0.05490549054905491,0.11071107110711072,0.31863186318631864,0.8163816381638164,0.9864986498649865
UJIIndoorLoc,uji,55,AaT-base-reimpl,8.970030784606934,6.948701858520508,12.144466400146484,11.347244262695312,17.087434768676758,22.855151176452637,41.940782165527395,26.87516212463379,34.261138916015625,99.95266723632812,5.661867141723633,5.751125335693359,0.018001800180018002,0.17551755175517553,0.3357335733573357,0.6795679567956796,0.918091809180918,0.9990999099909991
UJIIndoorLoc,uji,55,RC-Direct,8.600445747375488,6.449797630310059,11.518697738647461,11.13647747039795,17.3873233795166,22.34542751312256,37.96779937744154,25.61827278137207,31.94769859313965,77.29940795898438,5.455493450164795,5.520252227783203,0.0297029702970297,0.1854185418541854,0.3726372637263726,0.7065706570657065,0.9126912691269127,0.9990999099909991
UJIIndoorLoc,uji,55,RC-Loc,8.21090638519448,6.168888963179598,11.220501024175073,10.785704047000705,16.970200051979795,21.73394285916927,37.96780089538827,25.24150111424162,31.67072491240088,77.29940435968413,5.262068812919301,5.221773210711757,0.0405040504050405,0.21962196219621963,0.41314131413141314,0.7245724572457246,0.9126912691269127,0.9990999099909991
UTSIndoorLoc,uts,11,PCA-WKNN,8.639360810182945,7.368828419320443,10.642432854042466,11.363525810785008,15.697370429629164,19.154104359614458,29.89651452621041,22.22661091573346,27.119026333912085,42.52952512581814,7.228277602702742,3.3300163958464943,0.01288659793814433,0.13144329896907217,0.3170103092783505,0.6752577319587629,,
UTSIndoorLoc,uts,11,ExtraTrees,8.249107054436303,7.387639956151618,9.722629966552429,11.084519796854826,14.83510975639737,17.828469987307546,23.162258250605053,19.088201207120118,21.788288547188706,33.98606435700267,7.17848701677711,2.80688925669009,0.007731958762886598,0.12628865979381443,0.31443298969072164,0.6855670103092784,,
UTSIndoorLoc,uts,11,DNNBN-reimpl,7.341798305511475,6.529148101806641,8.87506103515625,9.184470891952515,12.961495590209962,17.0135308265686,23.322125091552724,18.59758758544922,22.126401901245117,35.08064270019531,6.435595989227295,2.5028164386749268,0.01804123711340206,0.15979381443298968,0.3402061855670103,0.8067010309278351,0.9432989690721649,1.0
UTSIndoorLoc,uts,11,CNN-RSS-reimpl,8.40583324432373,7.0931901931762695,9.962858200073242,10.975228309631348,15.728298377990722,17.485145950317378,25.829835796356196,19.9404296875,23.123382568359375,35.13517761230469,7.199984550476074,3.016254425048828,0.0,0.10309278350515463,0.31958762886597936,0.711340206185567,0.8530927835051546,1.0
UTSIndoorLoc,uts,11,AaT-base-reimpl,7.56740665435791,6.81920862197876,9.081892967224121,9.55982756614685,12.131986808776858,16.983238029479974,28.92508371353149,18.58635139465332,23.142574310302734,37.12135314941406,6.6372880935668945,2.5206212997436523,0.020618556701030927,0.12371134020618557,0.3170103092783505,0.7731958762886598,0.9252577319587629,1.0
UTSIndoorLoc,uts,11,RC-Direct,7.077484607696533,5.954153060913086,8.788456916809082,9.071191787719727,12.39077701568604,15.944609546661358,29.1131686592102,18.835973739624023,23.60989761352539,37.916866302490234,6.218128204345703,2.323636293411255,0.01804123711340206,0.15979381443298968,0.3865979381443299,0.8092783505154639,0.9304123711340206,1.0
UTSIndoorLoc,uts,11,RC-Loc,7.092149861756727,5.980057066166947,8.806401649008894,9.101237321595987,12.390777539605835,16.08908287059648,29.113167604404392,18.866785190614472,23.515929824221338,37.91686732574405,6.2679731893884885,2.3047577006903928,0.01804123711340206,0.16494845360824742,0.39690721649484534,0.8041237113402062,0.9304123711340206,1.0
UTSIndoorLoc,uts,22,PCA-WKNN,9.045715462537125,7.746992939093929,11.952126095088914,11.044567145808138,16.042774728827176,19.637542096159592,34.679787020461426,25.125965265205952,32.32682589011061,74.36056941466835,7.5864923275294105,3.480444325585254,0.007731958762886598,0.13659793814432988,0.29896907216494845,0.6726804123711341,,
UTSIndoorLoc,uts,22,ExtraTrees,8.321709016186778,7.677814477156457,9.73425767480813,11.041859023758914,14.623266560923549,17.46954405148698,23.1399780522508,18.756644362546037,21.487345610553525,31.02715463932224,7.238885508999381,2.9299904727086203,0.020618556701030927,0.13144329896907217,0.30670103092783507,0.6726804123711341,,
UTSIndoorLoc,uts,22,DNNBN-reimpl,7.396005630493164,6.538895130157471,8.951424598693848,9.637427806854248,13.29956684112549,15.842552518844586,27.89564876556396,18.12749671936035,21.934885025024414,34.728790283203125,6.468249797821045,2.4885427951812744,0.030927835051546393,0.16237113402061856,0.34536082474226804,0.770618556701031,0.9201030927835051,1.0
UTSIndoorLoc,uts,22,CNN-RSS-reimpl,8.825961112976074,7.681968688964844,10.675009727478027,11.950820446014404,15.859210777282716,19.473727989196767,28.863805999755858,21.899452209472656,26.451705932617188,36.68717956542969,7.705086708068848,2.899132251739502,0.020618556701030927,0.11855670103092783,0.2912371134020619,0.6649484536082474,0.845360824742268,1.0
UTSIndoorLoc,uts,22,AaT-base-reimpl,7.522246837615967,6.268405914306641,9.293371200561523,9.81372857093811,13.704179477691653,16.362111473083488,30.18742635726928,19.371660232543945,23.67120361328125,37.52358627319336,6.649912357330322,2.4221200942993164,0.020618556701030927,0.17525773195876287,0.3634020618556701,0.7603092783505154,0.9201030927835051,1.0
UTSIndoorLoc,uts,22,RC-Direct,6.937609672546387,6.014463901519775,8.567789077758789,8.90833854675293,12.12700080871582,15.139094829559319,29.22242296218871,17.811553955078125,22.298412322998047,34.79186248779297,6.142534255981445,2.2084014415740967,0.023195876288659795,0.17010309278350516,0.4097938144329897,0.8247422680412371,0.9278350515463918,1.0
UTSIndoorLoc,uts,22,RC-Loc,6.873742033834531,5.796100234143127,8.505928720961139,8.856268468275651,11.722743654007491,15.173092110701095,29.67310449095174,17.826943388673445,22.295846833889712,33.60883803645244,6.08285251986614,2.1848073247996247,0.03865979381443299,0.18041237113402062,0.4097938144329897,0.8402061855670103,0.9278350515463918,1.0
UTSIndoorLoc,uts,33,PCA-WKNN,7.944338444101324,7.387582066093705,9.457763764184017,10.643747965022415,13.3966415568457,15.72770274501615,26.52422938511311,18.230974436874128,21.852734757329973,39.3635729423212,6.809151527150433,2.81865064808602,0.01288659793814433,0.14432989690721648,0.32216494845360827,0.6958762886597938,,
UTSIndoorLoc,uts,33,ExtraTrees,8.223430144011504,7.332353242004896,9.690586270555082,10.712790140729734,15.103907137977055,17.572982061698323,24.184949904800412,19.124979974425653,21.798233804728035,34.023156449054554,7.194575055932729,2.80831768519924,0.015463917525773196,0.12371134020618557,0.2963917525773196,0.7036082474226805,,
UTSIndoorLoc,uts,33,DNNBN-reimpl,7.257155418395996,6.272605895996094,8.715441703796387,8.797617435455322,12.399402046203615,15.707663345336904,27.76492900848387,18.02239418029785,22.3040771484375,33.38642120361328,6.332927227020264,2.484316349029541,0.015463917525773196,0.12371134020618557,0.3247422680412371,0.8092783505154639,0.9252577319587629,1.0
UTSIndoorLoc,uts,33,CNN-RSS-reimpl,7.932305812835693,6.429488182067871,9.939613342285156,9.864680051803589,16.44730548858643,20.454359722137447,27.765445289611794,21.935245513916016,24.98810386657715,35.3227653503418,6.899642467498779,2.7234411239624023,0.023195876288659795,0.17525773195876287,0.36597938144329895,0.7551546391752577,0.8582474226804123,1.0
UTSIndoorLoc,uts,33,AaT-base-reimpl,7.465212345123291,6.412615776062012,9.135577201843262,9.302387475967407,13.013152885437012,17.582510757446276,29.073697624206535,19.169780731201172,23.500520706176758,37.48078155517578,6.603859901428223,2.3748767375946045,0.01804123711340206,0.14432989690721648,0.36855670103092786,0.7731958762886598,0.9201030927835051,1.0
UTSIndoorLoc,uts,33,RC-Direct,6.8399505615234375,5.951674461364746,8.432738304138184,8.731253147125244,11.305859756469728,14.494132184982293,27.293329772949214,17.58589744567871,22.404457092285156,36.56989288330078,6.002628803253174,2.2188825607299805,0.02577319587628866,0.20103092783505155,0.3917525773195876,0.8427835051546392,0.9201030927835051,1.0
UTSIndoorLoc,uts,33,RC-Loc,6.852364517752427,5.986754719220938,8.47233654385231,8.650081118311729,11.34882350714538,14.25949617721526,27.293329453123505,17.75037094745597,22.65890816719349,36.80165624292654,6.033315760134725,2.2105865001748897,0.023195876288659795,0.19329896907216496,0.37371134020618557,0.8376288659793815,0.9201030927835051,1.0
UTSIndoorLoc,uts,44,PCA-WKNN,8.175967752951971,7.1718503106772555,10.19311979810837,10.352106691224922,14.405219771318658,18.09636160085897,33.813778395742936,21.609053818235086,27.042665347179916,45.13225747648139,7.069521276792748,2.9117585122846115,0.023195876288659795,0.13659793814432988,0.32216494845360827,0.7345360824742269,,
UTSIndoorLoc,uts,44,ExtraTrees,8.360698392475062,7.454458655307933,9.860852563592825,11.116034591558705,15.735344800305201,17.841613580000246,24.212479060331102,19.321514931410686,21.820204257920672,32.20031853333115,7.295013472882861,2.893757538612981,0.010309278350515464,0.13659793814432988,0.3118556701030928,0.6804123711340206,,
UTSIndoorLoc,uts,44,DNNBN-reimpl,7.196505546569824,6.169219017028809,8.730728149414062,9.311219692230225,12.999126243591311,15.673665046691893,28.72399339675903,18.09613609313965,21.673503875732422,31.529773712158203,6.308193683624268,2.4570882320404053,0.01804123711340206,0.16752577319587628,0.3917525773195876,0.7860824742268041,0.9072164948453608,1.0
UTSIndoorLoc,uts,44,CNN-RSS-reimpl,8.524497032165527,7.195130348205566,10.458111763000488,11.310793161392212,15.430394840240481,18.97698183059692,31.94790515899658,21.896352767944336,26.612817764282227,38.432132720947266,7.343069076538086,3.0433356761932373,0.01288659793814433,0.14432989690721648,0.30412371134020616,0.7061855670103093,0.8556701030927835,1.0
UTSIndoorLoc,uts,44,AaT-base-reimpl,7.367105484008789,6.5121846199035645,9.020663261413574,9.477081537246704,12.70650978088379,16.12787532806396,28.99198854446411,18.766082763671875,22.888277053833008,38.268028259277344,6.550829887390137,2.3578333854675293,0.02577319587628866,0.15721649484536082,0.3556701030927835,0.7809278350515464,0.9072164948453608,1.0
UTSIndoorLoc,uts,44,RC-Direct,6.801982879638672,6.018594741821289,8.462613105773926,8.872587442398071,11.572366333007812,14.540241050720214,26.03648920059203,17.53522300720215,21.927541732788086,38.83061981201172,6.072780132293701,2.117173671722412,0.02577319587628866,0.211340206185567,0.42783505154639173,0.8273195876288659,0.9458762886597938,1.0
UTSIndoorLoc,uts,44,RC-Loc,6.7584696469153105,5.83023557988058,8.411585111366884,8.89909649360731,11.774627820915773,14.848939258784716,26.43298593882573,17.494240983622806,21.84977805985725,36.94598848411545,6.0388158689214055,2.127669354668983,0.04381443298969072,0.20103092783505155,0.39690721649484534,0.8350515463917526,0.9458762886597938,1.0
UTSIndoorLoc,uts,55,PCA-WKNN,8.250863299064484,7.543659422372858,9.82965054197724,11.185614000043298,14.777628049851147,17.1888486262943,26.703938337732353,19.11980656399742,22.25388490966706,33.42031742549922,7.071271336848682,2.9798149465557167,0.030927835051546393,0.15979381443298968,0.3170103092783505,0.6675257731958762,,
UTSIndoorLoc,uts,55,ExtraTrees,8.281872282440995,7.5234418943265515,9.744155102110767,10.96930616720543,15.056993196049053,18.359488418682393,23.226304010366874,19.02129147076815,21.567506602241757,31.05532162984102,7.192995569405745,2.8839535316608624,0.01804123711340206,0.14948453608247422,0.30670103092783507,0.6649484536082474,,
UTSIndoorLoc,uts,55,DNNBN-reimpl,7.658504962921143,6.730189800262451,9.221303939819336,9.786671161651611,12.827133178710938,16.281026458740232,30.60374248504638,19.028831481933594,23.228744506835938,34.259124755859375,6.718169212341309,2.5491085052490234,0.015463917525773196,0.14948453608247422,0.31443298969072164,0.7783505154639175,0.9149484536082474,1.0
UTSIndoorLoc,uts,55,CNN-RSS-reimpl,8.838300704956055,7.854465484619141,10.377935409545898,11.345914840698242,16.224539756774902,20.1503469467163,25.766470565795892,20.89512062072754,24.038732528686523,30.050851821899414,7.65837287902832,3.224292755126953,0.010309278350515464,0.12371134020618557,0.23969072164948454,0.6701030927835051,0.8505154639175257,1.0
UTSIndoorLoc,uts,55,AaT-base-reimpl,7.385373592376709,6.302865505218506,9.077096939086914,9.488652229309082,13.022554874420171,16.327849388122555,30.0133671760559,19.064144134521484,23.37307357788086,38.1677131652832,6.512819766998291,2.3911941051483154,0.01288659793814433,0.14690721649484537,0.36855670103092786,0.788659793814433,0.9201030927835051,1.0
UTSIndoorLoc,uts,55,RC-Direct,7.0950751304626465,6.122923851013184,8.789212226867676,9.290187358856201,12.346640872955323,15.899144983291619,26.76645578384397,18.6314640045166,22.93156623840332,35.07304000854492,6.336005687713623,2.113785982131958,0.030927835051546393,0.18814432989690721,0.38144329896907214,0.8092783505154639,0.9278350515463918,1.0
UTSIndoorLoc,uts,55,RC-Loc,7.1935715677894,6.203158156399586,8.847383155590263,9.351265383699841,12.369251982444089,15.688868801010013,26.766454968110352,18.50991212578957,22.612375665192026,35.07303757432459,6.443771467115263,2.1158797433594594,0.03350515463917526,0.18041237113402062,0.3711340206185567,0.7963917525773195,0.9278350515463918,1.0
Tampere,tampere,11,PCA-WKNN,6.617959050396149,6.01919131361677,7.749439741397781,9.046517006229497,12.347607058072951,14.130955210535742,17.549018405042517,14.864870190957866,16.440932595361666,21.91133558628312,4.063398618052817,4.388957706228665,0.031568228105906315,0.20570264765784113,0.40122199592668023,0.8085539714867617,,
Tampere,tampere,11,ExtraTrees,7.795217127655483,7.274470962389353,9.075553462462276,10.734189717949226,13.867088664864836,16.061678731289927,21.285081613185422,17.02555169246933,19.243081065233454,30.751463894583484,4.902272248122454,5.031941009529253,0.020366598778004074,0.164969450101833,0.32484725050916496,0.6975560081466395,,
Tampere,tampere,11,DNNBN-reimpl,7.135671615600586,6.335953712463379,8.393487930297852,9.968998193740845,12.858055591583252,14.943176889419544,20.93666011810301,16.05095863342285,18.388038635253906,28.84514617919922,4.869558334350586,4.238271713256836,0.019348268839103868,0.17820773930753564,0.38391038696537677,0.7535641547861507,0.8981670061099797,1.0
Tampere,tampere,11,CNN-RSS-reimpl,13.445867538452148,11.624885559082031,16.1431884765625,17.53750705718994,25.41749095916748,31.156455326080316,42.77315868377681,33.09458541870117,37.798301696777344,53.29823303222656,9.448866844177246,7.641120433807373,0.009164969450101833,0.06822810590631365,0.1395112016293279,0.39918533604887985,0.6680244399185336,1.0
Tampere,tampere,11,AaT-base-reimpl,9.52291202545166,9.08172607421875,10.920206069946289,12.685081720352173,16.425654792785643,19.689581298828106,25.384770259857174,20.362295150756836,22.888593673706055,27.79031753540039,6.187426567077637,5.892040252685547,0.013238289205702648,0.10488798370672098,0.22912423625254583,0.5661914460285132,0.8279022403258656,1.0
Tampere,tampere,11,RC-Direct,7.094640731811523,6.434114456176758,8.284568786621094,10.025503873825073,13.151710319519042,14.645431995391844,18.008689880371083,15.262263298034668,16.699609756469727,21.48491668701172,4.592855930328369,4.4808149337768555,0.029531568228105907,0.20162932790224034,0.3696537678207739,0.7474541751527495,0.9134419551934827,1.0
Tampere,tampere,11,RC-Loc,6.95001148756946,6.320889939022937,8.08713514196308,9.82156559592797,12.750068729903038,14.079661536064112,17.68422390517103,14.907192412981194,16.35900619934377,21.484917099236526,4.470805370756538,4.429980638504968,0.0274949083503055,0.1945010183299389,0.3727087576374745,0.7637474541751528,0.9134419551934827,1.0
Tampere,tampere,22,PCA-WKNN,6.73794911031594,5.746360503786203,8.085418296900267,9.717259659375511,13.081277808061518,15.548641714446292,18.740780873827728,15.950137423833905,17.539212507093794,22.81701528568984,4.235275325486525,4.439663584504346,0.034623217922606926,0.23014256619144602,0.4256619144602851,0.7739307535641547,,
Tampere,tampere,22,ExtraTrees,8.638517137011481,7.739874203326527,10.386632753656466,11.77522370164956,16.350980792734134,19.58979541481143,24.38916492484682,20.603557045658984,23.49423091018769,43.98011668483577,5.485378910227851,5.49220155586455,0.020366598778004074,0.15885947046843177,0.3105906313645621,0.6527494908350305,,
Tampere,tampere,22,DNNBN-reimpl,8.4201078414917,7.6588335037231445,9.821672439575195,11.167728424072266,14.733146953582763,17.03184118270874,23.46373819351191,18.701696395874023,21.59838104248047,41.81971740722656,4.804954528808594,5.901277542114258,0.014256619144602852,0.10692464358452139,0.280040733197556,0.6720977596741344,0.8920570264765784,1.0
Tampere,tampere,22,CNN-RSS-reimpl,12.543395042419434,10.857501983642578,15.070613861083984,17.334113121032715,24.321166229248046,27.99514980316162,37.73784851074216,30.10334587097168,34.135780334472656,45.752559661865234,8.76894474029541,7.2345123291015625,0.012219959266802444,0.07942973523421588,0.17209775967413443,0.45417515274949083,0.5885947046843177,1.0
Tampere,tampere,22,AaT-base-reimpl,8.552351951599121,7.773702621459961,9.744976997375488,11.770488023757935,15.18746747970581,17.08694019317625,20.289106674194315,17.545907974243164,19.0808048248291,23.23537254333496,5.467752456665039,5.349158763885498,0.010183299389002037,0.11812627291242363,0.2545824847250509,0.6456211812627292,0.8095723014256619,1.0
Tampere,tampere,22,RC-Direct,7.042200088500977,6.299671649932861,8.235488891601562,9.679972887039185,13.202486801147458,15.339497947692868,19.32892887115478,15.716233253479004,17.272645950317383,21.262577056884766,4.338593482971191,4.619800090789795,0.032586558044806514,0.1894093686354379,0.36761710794297353,0.774949083503055,0.9185336048879837,1.0
Tampere,tampere,22,RC-Loc,7.036752322151911,6.382389115293092,8.201431400004855,9.805895363356946,12.863106490505205,14.941509396493453,18.618960331335373,15.426284146189063,17.034121869560625,21.989414139753297,4.268859725747192,4.691825003472939,0.025458248472505093,0.19653767820773932,0.37372708757637474,0.7637474541751528,0.9185336048879837,1.0
Tampere,tampere,33,PCA-WKNN,7.108933036211241,6.332336716491929,8.346452229643882,9.940502647009415,13.201429984724662,15.07497946301473,19.036355700845892,15.874578924176147,17.753812454438606,28.211942336797303,4.542504157337589,4.634803461304252,0.024439918533604887,0.18737270875763748,0.37169042769857435,0.7525458248472505,,
Tampere,tampere,33,ExtraTrees,8.00729478114362,7.537913372072397,9.362595334002943,10.832295364389712,14.76835355210631,17.104067534027546,21.888032998613795,17.841500852519946,19.655595058785476,29.18112763920313,4.927180757542006,5.298924583906393,0.028513238289205704,0.1446028513238289,0.3065173116089613,0.7077393075356415,,
Tampere,tampere,33,DNNBN-reimpl,8.091700553894043,7.52276611328125,9.202351570129395,10.65074110031128,13.910012054443357,16.04342851638793,19.352316856384267,16.69283103942871,18.47599983215332,31.30001449584961,5.355973243713379,4.8408308029174805,0.008146639511201629,0.10896130346232179,0.28716904276985744,0.6843177189409368,0.9022403258655805,1.0
Tampere,tampere,33,CNN-RSS-reimpl,13.17332649230957,11.053208351135254,15.919357299804688,17.428927421569824,26.27006092071533,30.477083110809318,38.16881061553952,32.25056838989258,36.24769592285156,51.208221435546875,9.353363990783691,7.5936079025268555,0.01120162932790224,0.0824847250509165,0.17617107942973523,0.4439918533604888,0.6629327902240326,1.0
Tampere,tampere,33,AaT-base-reimpl,9.306756019592285,8.687932968139648,10.680342674255371,12.65077805519104,15.893590450286865,18.37612924575805,25.674337539672834,19.7392520904541,22.339845657348633,29.942630767822266,5.664605617523193,6.06395959854126,0.007128309572301426,0.09266802443991853,0.23828920570264767,0.5814663951120163,0.8818737270875764,1.0
Tampere,tampere,33,RC-Direct,7.292588710784912,6.5138258934021,8.497994422912598,10.409956932067871,13.616537761688228,15.183943557739255,17.866956882476803,15.688182830810547,16.900400161743164,23.614402770996094,4.521795272827148,4.740221977233887,0.0274949083503055,0.1924643584521385,0.3594704684317719,0.7260692464358453,0.9215885947046843,1.0
Tampere,tampere,33,RC-Loc,7.074607460187451,6.463873316170684,8.304920542579518,10.011457991488468,13.133424998254139,15.002668057070464,17.90203075312695,15.52022765784704,16.976105673766003,26.028715539336243,4.496104542593374,4.48629792260602,0.034623217922606926,0.20366598778004075,0.3869653767820774,0.7484725050916496,0.9215885947046843,1.0
Tampere,tampere,44,PCA-WKNN,6.716645907515186,6.24761142079077,7.749802954789253,9.160129422229469,11.938869852894177,13.670172373647256,17.256843927548584,14.308813805340236,15.908216325860986,22.51938838672933,4.0628993673345315,4.5929516374065145,0.020366598778004074,0.18228105906313646,0.384928716904277,0.8085539714867617,,
Tampere,tampere,44,ExtraTrees,8.011736908305606,7.719279187110343,9.546635838518082,10.624778938232263,14.132250932394406,17.505132054897295,23.889947137020748,18.78978851774353,21.940312143356344,33.90292853167851,4.887581247613289,5.31557568799373,0.025458248472505093,0.1629327902240326,0.3411405295315682,0.6955193482688391,,
Tampere,tampere,44,DNNBN-reimpl,7.757227897644043,7.145336151123047,8.977550506591797,10.6852548122406,14.111732387542723,16.076479721069333,19.515651378631585,16.751253128051758,18.5338077545166,27.842309951782227,4.979298114776611,4.908411026000977,0.018329938900203666,0.14562118126272913,0.3258655804480652,0.7138492871690427,0.8665987780040734,1.0
Tampere,tampere,44,CNN-RSS-reimpl,12.913252830505371,11.488988876342773,15.154773712158203,17.02881622314453,23.5544786453247,27.63396892547607,37.02040267944336,29.494773864746094,33.533119201660156,53.13667678833008,8.779983520507812,7.60870885848999,0.007128309572301426,0.06008146639511202,0.1446028513238289,0.4134419551934827,0.6425661914460286,1.0
Tampere,tampere,44,AaT-base-reimpl,10.242342948913574,9.349443435668945,11.9487886428833,13.889788389205933,18.611776733398436,21.357554817199706,28.832764282226556,22.691238403320312,25.5068416595459,32.84398651123047,7.279764175415039,5.449678421020508,0.013238289205702648,0.10081466395112017,0.225050916496945,0.5386965376782077,0.8503054989816701,1.0
Tampere,tampere,44,RC-Direct,7.151411533355713,6.562338829040527,8.380913734436035,10.200371265411377,13.225335597991942,15.117962694168078,18.50425380706785,15.565467834472656,17.149669647216797,24.121057510375977,4.451896667480469,4.53293514251709,0.0274949083503055,0.1975560081466395,0.3818737270875764,0.7362525458248472,0.9226069246435845,1.0
Tampere,tampere,44,RC-Loc,6.9852615173748225,6.327133127470763,8.157610346286255,9.889727896228116,12.83743979310577,14.43640363403238,18.22176184372386,15.151220525214319,16.68132509306205,24.121058747154198,4.361616612537397,4.427460345884286,0.024439918533604887,0.20264765784114053,0.3879837067209776,0.754582484725051,0.9226069246435845,1.0
Tampere,tampere,55,PCA-WKNN,6.9878024490861375,6.2534933998975335,8.263662991159368,9.720043803496855,13.492975591183997,15.171424455970463,19.432920367797166,15.939435864888967,17.635862154188953,22.043325588774827,4.311345788308627,4.608697235284928,0.032586558044806514,0.20366598778004075,0.384928716904277,0.7718940936863544,,
Tampere,tampere,55,ExtraTrees,8.41796123548008,7.441686380271934,10.358303713491534,11.29144926943418,15.411481709671515,19.54384631954131,28.000360126015245,21.41016350485478,25.61460246202986,46.42868907426869,5.165096177815257,5.571742014875237,0.029531568228105907,0.18024439918533605,0.329938900203666,0.6639511201629328,,
Tampere,tampere,55,DNNBN-reimpl,7.380768299102783,6.709564208984375,8.444594383239746,9.998161792755127,13.443356037139893,14.778675508499145,18.751087379455566,15.512446403503418,16.90907859802246,21.721189498901367,4.664730548858643,4.631791114807129,0.015274949083503055,0.14052953156822812,0.32382892057026474,0.7505091649694501,0.9154786150712831,1.0
Tampere,tampere,55,CNN-RSS-reimpl,13.15652084350586,11.048871994018555,15.83446216583252,17.239306926727295,25.942669105529784,30.90498437881469,40.05920017242426,32.52858352661133,36.95463562011719,50.232582092285156,9.706705093383789,7.051642417907715,0.008146639511201629,0.0560081466395112,0.1446028513238289,0.45010183299389,0.6558044806517311,1.0
Tampere,tampere,55,AaT-base-reimpl,8.97418212890625,8.581525802612305,10.2368803024292,12.204672574996948,15.830625629425048,17.813554763793945,21.156516342163084,18.511423110961914,20.276893615722656,25.46807098388672,5.3450751304626465,6.02398157119751,0.015274949083503055,0.11405295315682282,0.2494908350305499,0.609979633401222,0.8961303462321792,1.0
Tampere,tampere,55,RC-Direct,7.440751075744629,7.029839992523193,8.462790489196777,10.11788821220398,13.189195156097412,14.825680255889882,16.96522121429442,15.049135208129883,16.202415466308594,20.451261520385742,4.567846298217773,4.969415664672852,0.019348268839103868,0.14969450101832993,0.31771894093686354,0.7403258655804481,0.9103869653767821,1.0
Tampere,tampere,55,RC-Loc,7.262982983354813,6.8349420576246915,8.331216995804684,10.208823576125743,12.823121289657035,14.312555019655212,17.599510537758206,14.930870450339178,16.344281272548855,23.971896873505344,4.433052979655692,4.869268843288595,0.021384928716904276,0.1629327902240326,0.34826883910386963,0.7372708757637475,0.9103869653767821,1.0
UJI-Library-25M,uji_library,11,PCA-WKNN,3.1583115040904968,2.860919882100823,3.6994525711177557,4.389540195465088,5.678420370929089,6.64473215182577,8.779079914093018,6.981238965505834,7.831649016611543,11.153754471593235,2.1632228410559025,1.7672222129087418,0.12360256410256411,0.5180384615384616,0.834,0.9992051282051282,,
UJI-Library-25M,uji_library,11,ExtraTrees,2.962718637077609,2.8122095552547988,3.3522966136122743,4.097609460472455,5.1451490259609285,5.698657320663501,6.71679266593414,5.860978759176029,6.317757932977167,9.944749580480869,1.9160828188216685,1.8624989346803356,0.10065384615384615,0.540525641025641,0.8830897435897436,1.0,,
UJI-Library-25M,uji_library,11,DNNBN-reimpl,3.374066114425659,3.045667886734009,3.9984612464904785,4.654872536659241,6.3398582458496096,7.507505035400391,9.492867326736445,7.788888931274414,8.720881462097168,13.124784469604492,2.2224535942077637,2.035339832305908,0.11215384615384616,0.4926025641025641,0.7902948717948718,0.9942051282051282,1.0,1.0
UJI-Library-25M,uji_library,11,CNN-RSS-reimpl,4.135610580444336,3.6789612770080566,4.836533546447754,5.823329567909241,7.746060562133793,8.77610411643982,10.658560581207265,9.068950653076172,9.922385215759277,14.582025527954102,3.0146379470825195,2.1532704830169678,0.07006410256410256,0.3956025641025641,0.6673717948717949,0.9816923076923076,1.0,1.0
UJI-Library-25M,uji_library,11,AaT-base-reimpl,3.5273983478546143,3.138240337371826,4.205539703369141,4.807933449745178,6.7262508392333995,8.180430746078493,10.105744504928579,8.381187438964844,9.374366760253906,12.05998706817627,2.3656415939331055,2.10956072807312,0.1106025641025641,0.47747435897435897,0.7726794871794872,0.9882948717948717,1.0,1.0
UJI-Library-25M,uji_library,11,RC-Direct,3.0957443714141846,2.613518714904785,3.769899606704712,4.309420466423035,6.211930131912232,7.360467672348027,9.407166213989255,7.675834655761719,8.62845516204834,13.446475982666016,1.7590696811676025,2.0854806900024414,0.14408974358974358,0.5654871794871795,0.8202692307692308,0.993948717948718,1.0,1.0
UJI-Library-25M,uji_library,11,RC-Loc,2.898913636871265,2.4382648298192304,3.504367625731916,3.9808694710348673,5.732429815300211,6.821071026313297,8.73093373768096,7.118740012122375,8.010136887106809,12.6538323275909,1.7161767072319691,1.9075936575827797,0.14501282051282052,0.6051282051282051,0.8499615384615384,0.9967307692307692,1.0,1.0
UJI-Library-25M,uji_library,22,PCA-WKNN,2.9247999934405113,2.758785388341942,3.3164271858870977,3.932348428292826,5.083472999839867,5.7511239548148385,7.021957292842627,5.964716514933008,6.544119922911798,9.795626045536379,1.9665873326962215,1.74515402114338,0.09337179487179487,0.5562948717948718,0.892474358974359,1.0,,
UJI-Library-25M,uji_library,22,ExtraTrees,2.990007880057694,2.8237155948146366,3.393830091813265,4.141467869260455,5.234633060359649,5.816332676226368,6.855458271145794,5.9750196480702025,6.444504546916375,9.670980608190643,1.9471067058307698,1.8678134476522343,0.10411538461538461,0.5359871794871794,0.8741153846153846,1.0,,
UJI-Library-25M,uji_library,22,DNNBN-reimpl,3.126547336578369,2.9185426235198975,3.6073882579803467,4.370136380195618,5.616434717178345,6.337759733200073,7.7663609743118185,6.5688042640686035,7.192793846130371,10.988683700561523,1.9788588285446167,2.01112961769104,0.11274358974358975,0.5156666666666667,0.8338333333333333,0.9997948717948718,1.0,1.0
UJI-Library-25M,uji_library,22,CNN-RSS-reimpl,3.9351205825805664,3.461827039718628,4.646063804626465,5.603991866111755,7.480917167663574,8.539478731155397,10.43710591316223,8.836971282958984,9.700104713439941,14.330377578735352,2.8022475242614746,2.143787145614624,0.08971794871794872,0.42893589743589744,0.6890897435897436,0.9849102564102564,1.0,1.0
UJI-Library-25M,uji_library,22,AaT-base-reimpl,3.302278995513916,3.022590160369873,3.8940296173095703,4.536101579666138,6.042559909820557,7.224787068367005,9.291237592697133,7.541708946228027,8.518234252929688,11.660846710205078,2.148499011993408,2.011626720428467,0.11829487179487179,0.49603846153846154,0.8112435897435898,0.9962820512820513,1.0,1.0
UJI-Library-25M,uji_library,22,RC-Direct,2.684840440750122,2.286314010620117,3.2454471588134766,3.674791395664215,5.211367082595825,6.315871858596803,8.333625411987303,6.60723876953125,7.5173258781433105,11.905548095703125,1.9109479188919067,1.4619112014770508,0.16585897435897437,0.6413974358974359,0.8859871794871795,0.9993846153846154,1.0,1.0
UJI-Library-25M,uji_library,22,RC-Loc,2.591660964512463,2.224501591150382,3.083851112823715,3.472876242968102,4.906127568406088,5.933775887883237,7.809340512188865,6.208637663768576,7.055161746202923,11.08008398767941,1.8898225475443484,1.3836702583471203,0.15274358974358973,0.6721923076923076,0.9061794871794872,0.9997948717948718,1.0,1.0
UJI-Library-25M,uji_library,33,PCA-WKNN,2.8710712347393796,2.6691083611146995,3.2674294091722778,3.8513786779800796,5.008950688129859,5.743266332919023,7.134167534772526,5.967717656492774,6.593125144477919,10.230465149887088,1.9373437383744996,1.7002018332643702,0.09523076923076923,0.5764230769230769,0.8992051282051282,0.9999615384615385,,
UJI-Library-25M,uji_library,33,ExtraTrees,3.003943171110591,2.8374975479196367,3.39735421220841,4.13657177604395,5.185362502188168,5.788000694314382,6.914114290795259,5.965054609814443,6.475700608245495,9.662413996587372,1.9303067676628554,1.8949320430727903,0.09538461538461539,0.5354358974358975,0.8786538461538461,1.0,,
UJI-Library-25M,uji_library,33,DNNBN-reimpl,3.1344828605651855,2.9271740913391113,3.6219613552093506,4.315179705619812,5.600772523880006,6.436491608619691,8.093495197296134,6.702285289764404,7.431042194366455,11.133271217346191,2.0048305988311768,1.9642904996871948,0.10964102564102564,0.5136282051282052,0.8425128205128205,0.9996282051282052,1.0,1.0
UJI-Library-25M,uji_library,33,CNN-RSS-reimpl,4.458969593048096,3.7875404357910156,5.395674228668213,6.388857364654541,8.905507373809819,10.316158056259157,12.747789096832266,10.684805870056152,11.821930885314941,18.17035484313965,3.4061050415039062,2.1495213508605957,0.08673076923076924,0.3979615384615385,0.6321794871794871,0.9407179487179487,1.0,1.0
UJI-Library-25M,uji_library,33,AaT-base-reimpl,3.2106423377990723,3.016977310180664,3.7226128578186035,4.494503378868103,5.699941968917847,6.557239651679994,8.253451185226439,6.829373836517334,7.584924697875977,11.313873291015625,2.0190742015838623,2.0398166179656982,0.11407692307692308,0.497025641025641,0.8257820512820513,0.9992179487179487,1.0,1.0
UJI-Library-25M,uji_library,33,RC-Direct,2.657731056213379,2.247974395751953,3.237511157989502,3.6458479166030884,5.081822586059571,6.399380779266357,8.587286262512205,6.693019866943359,7.731979846954346,12.938401222229004,1.917583703994751,1.3622846603393555,0.17006410256410256,0.650948717948718,0.8950897435897436,0.9995128205128205,1.0,1.0
UJI-Library-25M,uji_library,33,RC-Loc,2.6183681520400492,2.320134348812573,3.060804202378346,3.419774261456208,4.747995968711106,5.815481480903651,7.588434538273459,6.064102784538632,6.90552585458477,11.470320337209346,1.8264693205622655,1.464399344287734,0.12743589743589745,0.6689487179487179,0.9151153846153847,0.9998589743589743,1.0,1.0
UJI-Library-25M,uji_library,44,PCA-WKNN,2.9065349326218635,2.680482550780869,3.3602916270051435,3.9701184074477585,5.227588786869012,5.95347131551656,7.610108039938139,6.247085503733254,6.931522044710887,10.316134809479788,1.9479157110974368,1.7090907546999106,0.11244871794871796,0.5658589743589744,0.8796923076923077,0.9998974358974358,,
UJI-Library-25M,uji_library,44,ExtraTrees,2.9785557240897345,2.8342470640448125,3.3591257536716967,4.096112396143357,5.142512772443909,5.695564326660457,6.6219560974741745,5.83847550208191,6.278247966257859,9.795645872249308,1.9623576286097266,1.8426434185150748,0.09903846153846153,0.5363974358974359,0.8839871794871795,1.0,,
UJI-Library-25M,uji_library,44,DNNBN-reimpl,3.1220877170562744,2.8675708770751953,3.6319658756256104,4.3227715492248535,5.673310613632203,6.568407964706421,8.183032474517814,6.81031608581543,7.548506736755371,11.103103637695312,1.9788662195205688,1.9765104055404663,0.11421794871794871,0.5248589743589743,0.8369102564102564,0.9996025641025641,1.0,1.0
UJI-Library-25M,uji_library,44,CNN-RSS-reimpl,4.117273807525635,3.453665018081665,4.995217323303223,5.729350209236145,8.248766994476318,9.657498931884765,12.426239509582512,10.117328643798828,11.33847713470459,16.572429656982422,2.710390090942383,2.413433790206909,0.08855128205128206,0.43383333333333335,0.6842564102564103,0.9581666666666667,1.0,1.0
UJI-Library-25M,uji_library,44,AaT-base-reimpl,3.2095305919647217,2.9343128204345703,3.770820140838623,4.47130286693573,5.751027536392212,6.810888981819153,8.966111879348752,7.206048488616943,8.190821647644043,11.615665435791016,2.0861079692840576,1.9350625276565552,0.11882051282051281,0.5107948717948718,0.8278205128205128,0.9984615384615385,1.0,1.0
UJI-Library-25M,uji_library,44,RC-Direct,2.758669376373291,2.4408302307128906,3.2761425971984863,3.859903395175934,5.133521986007691,6.06565923690796,8.088478136062617,6.396856784820557,7.2598090171813965,12.117271423339844,1.941196084022522,1.5052378177642822,0.15119230769230768,0.6117051282051282,0.8902692307692308,0.9997179487179487,1.0,1.0
UJI-Library-25M,uji_library,44,RC-Loc,2.7586689163939266,2.4408304356451,3.2761425923545944,3.8599034938775962,5.13352196698975,6.065659411950164,8.08847830653484,6.396856888040165,7.259809260283558,12.117271275629413,1.941196332344642,1.5052378371801132,0.15119230769230768,0.6117051282051282,0.8902692307692308,0.9997179487179487,1.0,1.0
UJI-Library-25M,uji_library,55,PCA-WKNN,3.13957996631977,2.8309587500689233,3.72343788131582,4.3376365152295016,5.7199542099158815,6.864027235391294,9.26749345614492,7.282349367992221,8.32809887133207,11.787311285748642,2.189074884697304,1.7128801012699229,0.13014102564102564,0.530025641025641,0.8410512820512821,0.9963974358974359,,
UJI-Library-25M,uji_library,55,ExtraTrees,2.999638172199943,2.838529106416417,3.4000212525474955,4.132525210449343,5.222097173026097,5.823064186913299,6.854066822580296,5.980566322774859,6.467333857820228,9.800132040667103,1.9189449104544853,1.9051868794215843,0.10038461538461538,0.5322948717948718,0.8748205128205129,1.0,,
UJI-Library-25M,uji_library,55,DNNBN-reimpl,3.1409311294555664,2.933195114135742,3.6428723335266113,4.383381247520447,5.656801986694337,6.494119501113891,8.012033987045285,6.728529453277588,7.426570415496826,10.775472640991211,2.043865203857422,1.9074184894561768,0.11666666666666667,0.511974358974359,0.8355897435897436,0.9997564102564103,1.0,1.0
UJI-Library-25M,uji_library,55,CNN-RSS-reimpl,4.258329391479492,3.8793091773986816,4.936154365539551,5.975290894508362,7.853964138031008,8.82838683128357,10.506479415893555,9.090514183044434,9.872347831726074,14.379454612731934,3.048795700073242,2.2669217586517334,0.06685897435897437,0.3683205128205128,0.6462820512820513,0.9835128205128205,1.0,1.0
UJI-Library-25M,uji_library,55,AaT-base-reimpl,3.3315601348876953,3.0442004203796387,3.93284273147583,4.627387046813965,6.138025236129761,7.282022190093997,9.050172758102415,7.53109884262085,8.427574157714844,11.743330955505371,2.1472363471984863,2.0293593406677246,0.12161538461538461,0.49365384615384617,0.7975641025641026,0.9976794871794872,1.0,1.0
UJI-Library-25M,uji_library,55,RC-Direct,2.673218250274658,2.2849745750427246,3.2494239807128906,3.734861969947815,5.096112346649171,6.216607475280766,8.614034509658811,6.604185581207275,7.646299362182617,12.419672012329102,1.8852918148040771,1.4295010566711426,0.1735,0.6390384615384616,0.8932307692307693,0.9981923076923077,1.0,1.0
UJI-Library-25M,uji_library,55,RC-Loc,2.6716151997732887,2.2842121847438057,3.24715664949896,3.7323047425653026,5.090778671897889,6.214620452160674,8.607033513194454,6.600024535515389,7.64341235838254,12.419672452360118,1.8846352224009264,1.4282622493731552,0.17356410256410257,0.6394358974358975,0.8936410256410257,0.9981923076923077,1.0,1.0
