dataset,seed,outage_fraction,bias_sd_db,method,n,mean_m,median_m,rmse_m,p75_m,p90_m,p95_m,within_3m
UJIIndoorLoc,11,0.0,0.0,PCA-WKNN,1111.0,9.620768488593482,6.226290263824744,17.510733020733202,11.259739182313016,19.415638509853,27.83512053660512,0.24752475247524752
UJIIndoorLoc,11,0.0,0.0,AaT-base-reimpl,1111.0,9.21155071258545,7.214625358581543,12.201760292053223,11.603536128997803,17.753631591796875,22.928714752197266,0.1557155715571557
UJIIndoorLoc,11,0.0,0.0,RC-Direct,1111.0,8.931227684020996,7.243617534637451,11.515079498291016,11.604595184326172,16.788253784179688,21.210988998413086,0.1413141314131413
UJIIndoorLoc,11,0.0,0.0,RC-Loc,1111.0,8.361501951958441,6.522805657687367,11.23534343346276,10.990531298386959,15.831565719618283,20.88125577009749,0.19891989198919893
UJIIndoorLoc,11,0.0,4.0,PCA-WKNN,1111.0,9.588215304166026,6.142832863233231,16.940928892974743,11.371978959550253,19.66431225617619,27.976709424777304,0.24842484248424843
UJIIndoorLoc,11,0.0,4.0,AaT-base-reimpl,1111.0,9.322659492492676,7.448273181915283,12.242411613464355,11.775340557098389,17.899194717407227,24.5049467086792,0.13591359135913592
UJIIndoorLoc,11,0.0,4.0,RC-Direct,1111.0,9.084832191467285,7.229503154754639,11.708014488220215,12.047251224517822,17.256635665893555,21.299108505249023,0.13591359135913592
UJIIndoorLoc,11,0.0,4.0,RC-Loc,1111.0,8.483689137080288,6.630214446155262,11.381926479950716,11.353847672975093,16.5028400361145,20.99748485325658,0.20252025202520252
UJIIndoorLoc,11,0.0,8.0,PCA-WKNN,1111.0,9.652041696727782,6.304859341033666,17.53423844813972,11.625902987897,19.478737048596074,26.908433001233966,0.25742574257425743
UJIIndoorLoc,11,0.0,8.0,AaT-base-reimpl,1111.0,9.340859413146973,7.405050277709961,12.164414405822754,11.926000595092773,18.4130802154541,23.647172927856445,0.13591359135913592
UJIIndoorLoc,11,0.0,8.0,RC-Direct,1111.0,8.895560264587402,7.318358898162842,11.471254348754883,11.563105583190918,17.08247947692871,21.60784339904785,0.14581458145814583
UJIIndoorLoc,11,0.0,8.0,RC-Loc,1111.0,8.345894185920269,6.765179874962111,11.144043877073715,10.793877125040279,16.16573261208091,20.941491008854232,0.20432043204320433
UJIIndoorLoc,11,0.1,0.0,PCA-WKNN,1111.0,27.628559505135254,8.32941004794374,51.41161699236155,21.66165000845487,104.2341089155263,144.84508056683367,0.2007200720072007
UJIIndoorLoc,11,0.1,0.0,AaT-base-reimpl,1111.0,15.347143173217773,9.131232261657715,24.30963706970215,17.12360668182373,33.07553482055664,51.771711349487305,0.11791179117911792
UJIIndoorLoc,11,0.1,0.0,RC-Direct,1111.0,14.901195526123047,8.525904655456543,25.33604621887207,15.0532808303833,31.18972396850586,56.47568321228027,0.11611161116111611
UJIIndoorLoc,11,0.1,0.0,RC-Loc,1111.0,14.308479277102416,7.973945459343746,25.220838283613443,13.74237414908179,29.760145155974367,57.19650641114531,0.162016201620162
UJIIndoorLoc,11,0.1,4.0,PCA-WKNN,1111.0,27.831268485905902,8.480941101423722,51.93283005534449,21.217705114304188,107.79398935929818,146.33036775795497,0.2079207920792079
UJIIndoorLoc,11,0.1,4.0,AaT-base-reimpl,1111.0,15.318517684936523,9.336179733276367,24.129531860351562,17.28805160522461,33.3671760559082,53.04899024963379,0.1116111611161116
UJIIndoorLoc,11,0.1,4.0,RC-Direct,1111.0,14.901820182800293,8.599547386169434,25.157861709594727,15.069830417633057,31.328506469726562,56.800479888916016,0.1116111611161116
UJIIndoorLoc,11,0.1,4.0,RC-Loc,1111.0,14.348669265603721,8.042850784392652,25.006732977683843,14.362479251775543,30.020763082552232,58.74166171437854,0.1629162916291629
UJIIndoorLoc,11,0.1,8.0,PCA-WKNN,1111.0,28.985087948167703,8.50659393543907,53.21715563890543,22.426929673397858,113.5056933448414,144.60583830559546,0.19801980198019803
UJIIndoorLoc,11,0.1,8.0,AaT-base-reimpl,1111.0,15.971424102783203,9.58974552154541,25.267913818359375,17.457843780517578,36.72317123413086,58.94870948791504,0.1188118811881188
UJIIndoorLoc,11,0.1,8.0,RC-Direct,1111.0,15.869476318359375,9.005979537963867,26.686613082885742,16.156064987182617,34.25835037231445,60.04421043395996,0.09900990099009901
UJIIndoorLoc,11,0.1,8.0,RC-Loc,1111.0,15.13103484051409,8.372863365512337,26.414290196340023,14.838326048666943,33.84305819429695,62.235696726616034,0.15751575157515751
UJIIndoorLoc,11,0.2,0.0,PCA-WKNN,1111.0,69.09623155685362,24.618774406496915,102.78097305625016,131.13758019134482,198.48314136132015,226.00004323359764,0.08640864086408641
UJIIndoorLoc,11,0.2,0.0,AaT-base-reimpl,1111.0,31.09319496154785,17.789854049682617,48.665531158447266,38.20501708984375,73.64662170410156,103.54414749145508,0.0405040504050405
UJIIndoorLoc,11,0.2,0.0,RC-Direct,1111.0,23.452850341796875,12.606951713562012,37.62248229980469,26.372105598449707,61.04219055175781,86.60547637939453,0.0702070207020702
UJIIndoorLoc,11,0.2,0.0,RC-Loc,1111.0,22.837857673447054,11.546091279350728,37.72076048903964,24.771968053081828,63.90013869681451,87.60302939487576,0.10801080108010801
UJIIndoorLoc,11,0.2,4.0,PCA-WKNN,1111.0,69.09219173625151,25.478213703369693,102.64084854307858,130.41407168971705,198.48311856512842,226.4429778559416,0.09090909090909091
UJIIndoorLoc,11,0.2,4.0,AaT-base-reimpl,1111.0,31.097265243530273,18.073476791381836,48.68483352661133,38.00962257385254,74.66644287109375,103.62130737304688,0.0423042304230423
UJIIndoorLoc,11,0.2,4.0,RC-Direct,1111.0,23.449901580810547,12.539328575134277,37.79369354248047,26.28175449371338,59.618797302246094,86.77935409545898,0.0675067506750675
UJIIndoorLoc,11,0.2,4.0,RC-Loc,1111.0,22.7871870358261,11.720686784494127,37.81856071827382,24.85477694257068,59.90217488317627,87.38226806515704,0.11701170117011701
UJIIndoorLoc,11,0.2,8.0,PCA-WKNN,1111.0,72.63222535904083,26.98756239533311,106.72604821359302,139.3412054299833,203.0540307100538,227.9339958457421,0.08370837083708371
UJIIndoorLoc,11,0.2,8.0,AaT-base-reimpl,1111.0,31.90986442565918,18.698915481567383,49.60361099243164,39.69176483154297,76.53630828857422,104.56337356567383,0.0387038703870387
UJIIndoorLoc,11,0.2,8.0,RC-Direct,1111.0,23.78516387939453,12.819206237792969,38.46104049682617,26.20722198486328,59.618797302246094,86.27563095092773,0.06570657065706571
UJIIndoorLoc,11,0.2,8.0,RC-Loc,1111.0,23.171353253645993,11.790718870806293,38.54088917304441,25.393542671860278,59.84812895288943,86.63708067448242,0.09720972097209721
UJIIndoorLoc,11,0.3,0.0,PCA-WKNN,1111.0,107.8141110834895,98.67310125515507,138.85868146064544,190.51050580422162,237.9643354148671,246.20055202561272,0.034203420342034205
UJIIndoorLoc,11,0.3,0.0,AaT-base-reimpl,1111.0,50.59766387939453,29.73370933532715,76.98871612548828,59.32838821411133,113.798828125,204.44979095458984,0.016201620162016202
UJIIndoorLoc,11,0.3,0.0,RC-Direct,1111.0,29.91693115234375,16.500062942504883,47.4631233215332,35.28280067443848,72.16681671142578,111.14199447631836,0.04590459045904591
UJIIndoorLoc,11,0.3,0.0,RC-Loc,1111.0,29.469057382689186,16.124994743166393,47.41034579754652,34.351242267706,72.16681997166914,109.5586484430543,0.06480648064806481
UJIIndoorLoc,11,0.3,4.0,PCA-WKNN,1111.0,107.50912768978571,97.9464589466851,138.737610082064,191.96361488778615,237.9643354148671,248.00302869606037,0.0315031503150315
UJIIndoorLoc,11,0.3,4.0,AaT-base-reimpl,1111.0,49.78145217895508,29.036104202270508,75.58749389648438,58.483816146850586,106.84720611572266,200.95712280273438,0.017101710171017102
UJIIndoorLoc,11,0.3,4.0,RC-Direct,1111.0,29.62186050415039,16.5294246673584,46.87729263305664,35.41847038269043,71.61970520019531,108.52042007446289,0.05130513051305131
UJIIndoorLoc,11,0.3,4.0,RC-Loc,1111.0,29.251796510411154,15.874735426551238,46.82869582272607,34.56939176588412,72.27325332052382,108.13597168130943,0.06840684068406841
UJIIndoorLoc,11,0.3,8.0,PCA-WKNN,1111.0,107.61392164235671,98.29444135225208,139.1741223167476,192.39884995799787,238.01420929215922,248.6689080646673,0.0333033303330333
UJIIndoorLoc,11,0.3,8.0,AaT-base-reimpl,1111.0,50.704498291015625,29.054317474365234,76.76541900634766,60.42063522338867,110.1087646484375,202.54156494140625,0.0153015301530153
UJIIndoorLoc,11,0.3,8.0,RC-Direct,1111.0,30.467885971069336,16.90877914428711,48.19942092895508,36.176034927368164,74.14897918701172,110.10398483276367,0.046804680468046804
UJIIndoorLoc,11,0.3,8.0,RC-Loc,1111.0,30.11084030500639,16.289154265821374,48.559351479424976,35.60874450649414,74.20956225415553,110.843939562075,0.0666066606660666
UJIIndoorLoc,22,0.0,0.0,PCA-WKNN,1111.0,9.261198729450015,5.80191569011487,16.546427044424053,11.076487661699495,18.7458267838832,25.80557545354679,0.24842484248424843
UJIIndoorLoc,22,0.0,0.0,AaT-base-reimpl,1111.0,9.067352294921875,7.009778022766113,12.044938087463379,11.515873908996582,17.366405487060547,22.339275360107422,0.16831683168316833
UJIIndoorLoc,22,0.0,0.0,RC-Direct,1111.0,8.46802043914795,6.54831075668335,11.304533958435059,10.718486785888672,16.741134643554688,22.228184700012207,0.18361836183618363
UJIIndoorLoc,22,0.0,0.0,RC-Loc,1111.0,8.203124955456616,6.260303104182031,11.098572736116129,10.39295951661719,16.589343963399727,22.074561898236368,0.20882088208820881
UJIIndoorLoc,22,0.0,4.0,PCA-WKNN,1111.0,9.28217682271308,6.032994547841531,17.2284699917024,10.853679958046722,18.709292204824045,25.589156564372885,0.24662466246624662
UJIIndoorLoc,22,0.0,4.0,AaT-base-reimpl,1111.0,9.198101997375488,7.131680965423584,12.215873718261719,11.905941009521484,17.825958251953125,22.485910415649414,0.171017101710171
UJIIndoorLoc,22,0.0,4.0,RC-Direct,1111.0,8.599563598632812,6.649450778961182,11.395506858825684,10.986187934875488,17.333629608154297,21.82861328125,0.18181818181818182
UJIIndoorLoc,22,0.0,4.0,RC-Loc,1111.0,8.29645871386782,6.280425587724835,11.163674281446267,10.562071922770073,17.07081980899977,21.916024788939918,0.20972097209720972
UJIIndoorLoc,22,0.0,8.0,PCA-WKNN,1111.0,9.734574625243809,6.083667832427272,17.82555636581454,11.70139829630521,19.838591570670882,27.14269404064357,0.23582358235823583
UJIIndoorLoc,22,0.0,8.0,AaT-base-reimpl,1111.0,10.003464698791504,8.120686531066895,13.085185050964355,12.55965805053711,19.032289505004883,24.768583297729492,0.13141314131413143
UJIIndoorLoc,22,0.0,8.0,RC-Direct,1111.0,9.460987091064453,7.212890625,12.662581443786621,11.90479564666748,18.345767974853516,24.45951557159424,0.13681368136813682
UJIIndoorLoc,22,0.0,8.0,RC-Loc,1111.0,9.18970478676761,6.907456512700859,12.527080059283113,11.44771704505192,18.096282966163724,24.37500643383045,0.1638163816381638
UJIIndoorLoc,22,0.1,0.0,PCA-WKNN,1111.0,33.83140446307587,7.992427768396186,63.33190129817832,23.344298282716615,134.82910257355007,167.41971117224244,0.21332133213321333
UJIIndoorLoc,22,0.1,0.0,AaT-base-reimpl,1111.0,23.96175765991211,8.815911293029785,50.329139709472656,16.623934745788574,61.589874267578125,140.63333892822266,0.13681368136813682
UJIIndoorLoc,22,0.1,0.0,RC-Direct,1111.0,20.152667999267578,8.102182388305664,45.53040313720703,16.330049514770508,38.1009407043457,85.25834655761719,0.1548154815481548
UJIIndoorLoc,22,0.1,0.0,RC-Loc,1111.0,19.776848788578786,7.871065534441712,45.19948437944898,15.893771329516781,38.100941868651766,85.25834821613304,0.17551755175517553
UJIIndoorLoc,22,0.1,4.0,PCA-WKNN,1111.0,33.40316637705882,8.031219871030604,62.79350852889767,23.692011563081614,135.42108199417598,167.33405369588212,0.20432043204320433
UJIIndoorLoc,22,0.1,4.0,AaT-base-reimpl,1111.0,23.516359329223633,8.728019714355469,49.377601623535156,16.989248275756836,57.79736328125,134.13904571533203,0.1323132313231323
UJIIndoorLoc,22,0.1,4.0,RC-Direct,1111.0,20.251625061035156,8.332926750183105,45.27454376220703,16.008569717407227,40.99620056152344,85.05326843261719,0.16111611161116113
UJIIndoorLoc,22,0.1,4.0,RC-Loc,1111.0,19.84045652710689,7.999966811928895,44.74228658838876,15.70844708198658,40.68176067616073,86.75697600013169,0.1782178217821782
UJIIndoorLoc,22,0.1,8.0,PCA-WKNN,1111.0,32.883590879835126,8.100490634240044,62.310858172690295,21.628021059285384,137.9007589830783,167.09653500815307,0.1998199819981998
UJIIndoorLoc,22,0.1,8.0,AaT-base-reimpl,1111.0,23.365137100219727,9.467313766479492,48.45310592651367,18.17222785949707,50.25514602661133,131.4065170288086,0.13051305130513052
UJIIndoorLoc,22,0.1,8.0,RC-Direct,1111.0,19.77066421508789,8.650849342346191,43.274837493896484,16.620305061340332,43.092803955078125,78.38777160644531,0.1548154815481548
UJIIndoorLoc,22,0.1,8.0,RC-Loc,1111.0,19.355957716771513,7.99767253649477,42.9516805469707,16.390845389310407,42.29176118251142,78.27033218695354,0.16471647164716471
UJIIndoorLoc,22,0.2,0.0,PCA-WKNN,1111.0,71.17703403604914,28.03536549832168,101.51332402982597,146.3754148395651,177.0272422948077,189.76422945568402,0.07920792079207921
UJIIndoorLoc,22,0.2,0.0,AaT-base-reimpl,1111.0,46.0919303894043,17.50481605529785,74.4105453491211,60.17897415161133,147.08395385742188,178.50098419189453,0.054005400540054004
UJIIndoorLoc,22,0.2,0.0,RC-Direct,1111.0,29.79681968688965,12.498680114746094,55.192867279052734,27.66761589050293,89.20551300048828,136.24867248535156,0.07560756075607561
UJIIndoorLoc,22,0.2,0.0,RC-Loc,1111.0,29.38917868227642,11.924749174901113,54.81281218428506,27.178498143156638,89.20550856259764,136.24866908458125,0.08640864086408641
UJIIndoorLoc,22,0.2,4.0,PCA-WKNN,1111.0,70.91885785541466,26.541522957384235,101.57816274770991,150.6678451398992,178.42211840223905,190.38617873628306,0.0846084608460846
UJIIndoorLoc,22,0.2,4.0,AaT-base-reimpl,1111.0,46.81859588623047,18.2029972076416,75.04019927978516,58.1126766204834,147.4722442626953,178.67616271972656,0.050405040504050404
UJIIndoorLoc,22,0.2,4.0,RC-Direct,1111.0,30.633100509643555,13.036575317382812,56.20030212402344,28.588848114013672,92.7203369140625,140.70057678222656,0.07920792079207921
UJIIndoorLoc,22,0.2,4.0,RC-Loc,1111.0,30.195947996466053,12.525748779087285,55.751770659386445,28.096108723385704,92.72033824916761,140.70057284798972,0.0963096309630963
UJIIndoorLoc,22,0.2,8.0,PCA-WKNN,1111.0,68.99593895889558,23.606281631938806,99.50899507265417,146.09195207665528,175.3280495649425,187.6873709911663,0.08730873087308731
UJIIndoorLoc,22,0.2,8.0,AaT-base-reimpl,1111.0,46.4744873046875,18.156938552856445,75.09528350830078,55.66236877441406,147.4722442626953,182.90850830078125,0.050405040504050404
UJIIndoorLoc,22,0.2,8.0,RC-Direct,1111.0,30.867462158203125,12.83753776550293,56.835784912109375,28.512916564941406,90.44161987304688,142.09003448486328,0.07650765076507651
UJIIndoorLoc,22,0.2,8.0,RC-Loc,1111.0,30.162851135447596,12.176784127733415,56.03462095402058,27.646473874163306,90.44162215307294,142.09003227838588,0.0927092709270927
UJIIndoorLoc,22,0.3,0.0,PCA-WKNN,1111.0,102.9122722904403,110.02384429367132,129.24214541153685,174.19683396562294,201.1290345422762,213.99442137793415,0.0315031503150315
UJIIndoorLoc,22,0.3,0.0,AaT-base-reimpl,1111.0,63.436622619628906,30.68855857849121,90.74217987060547,116.37612533569336,164.22308349609375,202.5841293334961,0.026102610261026102
UJIIndoorLoc,22,0.3,0.0,RC-Direct,1111.0,45.060264587402344,16.458938598632812,76.70826721191406,48.85869216918945,149.39907836914062,169.26681518554688,0.0405040504050405
UJIIndoorLoc,22,0.3,0.0,RC-Loc,1111.0,44.838892578877385,16.6174948322695,76.39501737909399,48.85869157222986,149.39908462828706,169.26681477609756,0.04950495049504951
UJIIndoorLoc,22,0.3,4.0,PCA-WKNN,1111.0,102.35830268978106,109.14244425097971,128.835010142842,174.19683396562294,201.12903403344836,215.18202080024213,0.0297029702970297
UJIIndoorLoc,22,0.3,4.0,AaT-base-reimpl,1111.0,63.50860595703125,29.96932601928711,91.15869903564453,115.77293014526367,166.64710998535156,204.88871002197266,0.023402340234023402
UJIIndoorLoc,22,0.3,4.0,RC-Direct,1111.0,44.949832916259766,16.67086410522461,76.27362060546875,48.047515869140625,149.295166015625,166.7470703125,0.032403240324032405
UJIIndoorLoc,22,0.3,4.0,RC-Loc,1111.0,44.71781868176463,16.868454016752647,75.9458770593485,47.901566993448384,149.2951649582371,167.45954757428734,0.0423042304230423
UJIIndoorLoc,22,0.3,8.0,PCA-WKNN,1111.0,100.70475236166929,107.92991516221865,127.06579303279838,173.90616943001388,199.34736164274804,213.0009161477478,0.027002700270027002
UJIIndoorLoc,22,0.3,8.0,AaT-base-reimpl,1111.0,64.13556671142578,31.849658966064453,91.60704803466797,116.18013000488281,167.61972045898438,205.44742584228516,0.018901890189018902
UJIIndoorLoc,22,0.3,8.0,RC-Direct,1111.0,45.59889221191406,16.971742630004883,76.50927734375,51.719154357910156,149.15708923339844,168.0140838623047,0.046804680468046804
UJIIndoorLoc,22,0.3,8.0,RC-Loc,1111.0,45.41051185604667,16.63592448581141,76.27599447565353,52.35578595143735,149.15708804499536,167.13495944047108,0.0558055805580558
UJIIndoorLoc,33,0.0,0.0,PCA-WKNN,1111.0,9.735900077452207,6.005225531410398,18.7799096904404,11.130924763277685,18.87928142733645,26.141191201587482,0.23672367236723674
UJIIndoorLoc,33,0.0,0.0,AaT-base-reimpl,1111.0,8.872044563293457,7.031890869140625,11.742866516113281,11.22761583328247,16.80735969543457,23.48008918762207,0.1701170117011701
UJIIndoorLoc,33,0.0,0.0,RC-Direct,1111.0,8.383330345153809,6.4627299308776855,11.192063331604004,10.897907733917236,16.562484741210938,20.689099311828613,0.17371737173717372
UJIIndoorLoc,33,0.0,0.0,RC-Loc,1111.0,8.219085834702367,6.19543233695512,11.097385068592345,10.559926478393823,15.972108032953637,20.60814440951684,0.19171917191719173
UJIIndoorLoc,33,0.0,4.0,PCA-WKNN,1111.0,9.768524797978245,5.97480376242606,19.891848636396467,10.904737302928048,18.313353197046084,25.741193171357025,0.25292529252925294
UJIIndoorLoc,33,0.0,4.0,AaT-base-reimpl,1111.0,8.930459022521973,6.955839157104492,11.941555976867676,11.143013954162598,17.055492401123047,23.255388259887695,0.171017101710171
UJIIndoorLoc,33,0.0,4.0,RC-Direct,1111.0,8.4592924118042,6.583467483520508,11.244258880615234,10.93793773651123,16.8536376953125,20.842476844787598,0.1638163816381638
UJIIndoorLoc,33,0.0,4.0,RC-Loc,1111.0,8.23856825590276,6.224234651742158,11.082247996541012,10.708666396694895,15.739407950439805,20.14249672848159,0.18991899189918993
UJIIndoorLoc,33,0.0,8.0,PCA-WKNN,1111.0,10.091008823370291,6.0594156609002985,21.55698669938252,10.884047643436269,18.046920397224753,26.46226391746299,0.24302430243024303
UJIIndoorLoc,33,0.0,8.0,AaT-base-reimpl,1111.0,9.056846618652344,7.273928642272949,11.712370872497559,11.702318668365479,16.922489166259766,23.327733039855957,0.1413141314131413
UJIIndoorLoc,33,0.0,8.0,RC-Direct,1111.0,8.728394508361816,6.751408576965332,11.651619911193848,11.408632755279541,17.002872467041016,21.38173484802246,0.1773177317731773
UJIIndoorLoc,33,0.0,8.0,RC-Loc,1111.0,8.616231081153257,6.527441528471931,11.631971601777021,11.055735473887392,17.008584195367177,21.425936160904502,0.19441944194419442
UJIIndoorLoc,33,0.1,0.0,PCA-WKNN,1111.0,28.387914257320297,8.335630669869737,52.82664951364147,22.765105844133675,111.40077256812536,146.95172346132244,0.19531953195319532
UJIIndoorLoc,33,0.1,0.0,AaT-base-reimpl,1111.0,21.2770938873291,9.02123737335205,41.50480270385742,17.62162685394287,47.741817474365234,111.81917953491211,0.1251125112511251
UJIIndoorLoc,33,0.1,0.0,RC-Direct,1111.0,16.21236228942871,7.85274600982666,35.27811813354492,14.244697570800781,27.944501876831055,57.24777603149414,0.13591359135913592
UJIIndoorLoc,33,0.1,0.0,RC-Loc,1111.0,16.58362327026644,8.09433589940804,34.657531612934896,15.429770768966689,31.50078725894331,61.71577511153501,0.15031503150315031
UJIIndoorLoc,33,0.1,4.0,PCA-WKNN,1111.0,28.188281583755362,8.259232230753852,52.54081488800598,21.736807486727304,107.94553372214564,146.95172873985524,0.19441944194419442
UJIIndoorLoc,33,0.1,4.0,AaT-base-reimpl,1111.0,21.251739501953125,8.87884521484375,41.30096435546875,17.732900619506836,47.489253997802734,112.16761016845703,0.11971197119711971
UJIIndoorLoc,33,0.1,4.0,RC-Direct,1111.0,16.012006759643555,7.785428524017334,33.63429260253906,14.518539428710938,28.594148635864258,54.729827880859375,0.14491449144914492
UJIIndoorLoc,33,0.1,4.0,RC-Loc,1111.0,16.471382078880364,7.885886214816045,33.34916159940956,14.919893560342913,31.926147997448734,59.230914250183446,0.15211521152115212
UJIIndoorLoc,33,0.1,8.0,PCA-WKNN,1111.0,27.06949626627294,8.332184537174703,50.81326448807584,21.198030779006757,105.17818014611981,140.68301531997622,0.20252025202520252
UJIIndoorLoc,33,0.1,8.0,AaT-base-reimpl,1111.0,20.548410415649414,9.21381950378418,39.42494201660156,17.794113159179688,43.609100341796875,97.98750686645508,0.11971197119711971
UJIIndoorLoc,33,0.1,8.0,RC-Direct,1111.0,16.672025680541992,8.21192741394043,35.201663970947266,15.327194213867188,29.15243148803711,49.3530216217041,0.12421242124212421
UJIIndoorLoc,33,0.1,8.0,RC-Loc,1111.0,16.893903942467716,8.23568851345688,34.50356883462565,16.67430591035867,32.41753515417567,54.37276861698801,0.1323132313231323
UJIIndoorLoc,33,0.2,0.0,PCA-WKNN,1111.0,77.17365702023409,33.00807883934698,110.71724046459511,147.27078542734074,205.98930535489725,228.52101389124266,0.07200720072007201
UJIIndoorLoc,33,0.2,0.0,AaT-base-reimpl,1111.0,44.131465911865234,18.94750213623047,67.82404327392578,63.7093391418457,134.27659606933594,159.20851135253906,0.04590459045904591
UJIIndoorLoc,33,0.2,0.0,RC-Direct,1111.0,28.474374771118164,11.850428581237793,50.002254486083984,27.423267364501953,88.73725891113281,126.62858963012695,0.081008100810081
UJIIndoorLoc,33,0.2,0.0,RC-Loc,1111.0,29.620246826634357,13.26107442577732,49.81374718681956,32.01023511561763,87.76191356192155,123.53708348728105,0.08280828082808281
UJIIndoorLoc,33,0.2,4.0,PCA-WKNN,1111.0,74.88400649217003,31.621004850467575,108.53781996085927,146.00657925754837,205.23740413930264,225.26311576032464,0.081008100810081
UJIIndoorLoc,33,0.2,4.0,AaT-base-reimpl,1111.0,43.8385124206543,19.363378524780273,67.3924331665039,59.972421646118164,134.18385314941406,158.7997283935547,0.0423042304230423
UJIIndoorLoc,33,0.2,4.0,RC-Direct,1111.0,28.647069931030273,11.715237617492676,50.25442123413086,27.717477798461914,88.73725891113281,130.3011245727539,0.07920792079207921
UJIIndoorLoc,33,0.2,4.0,RC-Loc,1111.0,29.415024832455785,13.105733259980438,49.82478392627498,30.435134788903582,86.70346805840305,127.54700299155945,0.0774077407740774
UJIIndoorLoc,33,0.2,8.0,PCA-WKNN,1111.0,77.2342370111401,31.776691334409914,110.79827694231729,147.70161937724453,206.35670939422306,224.21963517081036,0.0783078307830783
UJIIndoorLoc,33,0.2,8.0,AaT-base-reimpl,1111.0,44.01007080078125,18.94402313232422,67.69416046142578,59.694631576538086,136.01809692382812,162.4660873413086,0.04770477047704771
UJIIndoorLoc,33,0.2,8.0,RC-Direct,1111.0,28.714122772216797,12.177288055419922,49.54839324951172,28.768895149230957,88.73725891113281,125.31547164916992,0.07560756075607561
UJIIndoorLoc,33,0.2,8.0,RC-Loc,1111.0,29.690094714972044,13.285504599452436,49.27917821033336,32.37672296403415,86.70535448057412,120.62378292693089,0.0666066606660666
UJIIndoorLoc,33,0.3,0.0,PCA-WKNN,1111.0,106.89989514467926,94.99632828948737,137.13981483415193,192.28889431723422,229.34077307573762,241.94471074059098,0.0405040504050405
UJIIndoorLoc,33,0.3,0.0,AaT-base-reimpl,1111.0,60.23881912231445,31.049497604370117,84.21761322021484,108.44035339355469,158.65318298339844,177.2239761352539,0.020702070207020702
UJIIndoorLoc,33,0.3,0.0,RC-Direct,1111.0,42.12299728393555,17.755956649780273,69.57325744628906,48.77063179016113,124.7093734741211,160.65428924560547,0.04590459045904591
UJIIndoorLoc,33,0.3,0.0,RC-Loc,1111.0,44.86281201197044,22.270630981427143,70.06168054161931,58.80149464791397,126.437605728783,158.0876761203618,0.041404140414041404
UJIIndoorLoc,33,0.3,4.0,PCA-WKNN,1111.0,108.30891513482338,95.23036591726125,138.41652689016215,192.05192068333815,231.44968184138682,244.05919921912064,0.036003600360036005
UJIIndoorLoc,33,0.3,4.0,AaT-base-reimpl,1111.0,61.59170913696289,32.35074996948242,85.50782775878906,110.72836685180664,159.10394287109375,178.85681915283203,0.017101710171017102
UJIIndoorLoc,33,0.3,4.0,RC-Direct,1111.0,42.10748291015625,17.73876953125,68.51228332519531,49.6543025970459,124.45199584960938,159.67456817626953,0.041404140414041404
UJIIndoorLoc,33,0.3,4.0,RC-Loc,1111.0,45.130527309035095,22.973270138189598,69.282566126345,60.7693828755169,127.46977003003998,156.5527517408508,0.041404140414041404
UJIIndoorLoc,33,0.3,8.0,PCA-WKNN,1111.0,105.50894180393368,91.18646593229458,135.735882412551,190.54020502176343,228.86677633262983,240.1155207767389,0.0387038703870387
UJIIndoorLoc,33,0.3,8.0,AaT-base-reimpl,1111.0,58.50000762939453,30.4383487701416,82.20003509521484,105.35017776489258,154.4894561767578,175.30059051513672,0.020702070207020702
UJIIndoorLoc,33,0.3,8.0,RC-Direct,1111.0,42.29124069213867,17.573476791381836,68.6806869506836,50.38328742980957,125.94759368896484,159.81725311279297,0.046804680468046804
UJIIndoorLoc,33,0.3,8.0,RC-Loc,1111.0,45.02089561449466,22.625657894719353,69.3057266850734,62.18977849439135,129.13283916193683,157.90014570472013,0.0423042304230423
UJIIndoorLoc,44,0.0,0.0,PCA-WKNN,1111.0,9.066978568304089,5.674580920433402,16.727865750438628,10.712305538651202,18.867347360878156,26.022573528975506,0.2619261926192619
UJIIndoorLoc,44,0.0,0.0,AaT-base-reimpl,1111.0,8.753214836120605,6.921311378479004,11.436678886413574,11.147576332092285,17.00324249267578,22.480446815490723,0.15121512151215122
UJIIndoorLoc,44,0.0,0.0,RC-Direct,1111.0,8.188384056091309,6.278827667236328,10.977781295776367,10.498386859893799,16.01060676574707,20.217190742492676,0.19711971197119713
UJIIndoorLoc,44,0.0,0.0,RC-Loc,1111.0,7.787243974718071,6.011160082391282,10.681201758992216,9.711632297725007,15.43306820688406,20.47015043932374,0.24302430243024303
UJIIndoorLoc,44,0.0,4.0,PCA-WKNN,1111.0,9.22663456770885,5.796478024748301,16.994737569550537,10.823011707431071,18.206325711667034,25.738438399519097,0.2502250225022502
UJIIndoorLoc,44,0.0,4.0,AaT-base-reimpl,1111.0,8.937159538269043,7.06632137298584,11.661643028259277,11.517601013183594,17.158573150634766,21.4533634185791,0.1557155715571557
UJIIndoorLoc,44,0.0,4.0,RC-Direct,1111.0,8.334503173828125,6.504881381988525,11.172123908996582,10.810723304748535,16.36787223815918,20.46825408935547,0.19621962196219622
UJIIndoorLoc,44,0.0,4.0,RC-Loc,1111.0,7.940947655793936,6.06025812658596,10.880069479947007,10.109122209042955,15.937103467125075,20.286666227554917,0.2223222322232223
UJIIndoorLoc,44,0.0,8.0,PCA-WKNN,1111.0,9.031088325222875,5.687728267140307,16.27957075484708,10.684630083596833,18.655532136522083,26.243915352093495,0.25742574257425743
UJIIndoorLoc,44,0.0,8.0,AaT-base-reimpl,1111.0,9.17430591583252,7.084256649017334,11.95358943939209,12.0154447555542,18.315034866333008,23.088260650634766,0.1494149414941494
UJIIndoorLoc,44,0.0,8.0,RC-Direct,1111.0,8.548846244812012,6.841455936431885,11.49232006072998,10.947138786315918,16.544677734375,21.40162181854248,0.18721872187218722
UJIIndoorLoc,44,0.0,8.0,RC-Loc,1111.0,8.13692902351896,6.194680177319427,11.204897326706734,10.228862979598524,15.983802529453,21.293866108436372,0.2223222322232223
UJIIndoorLoc,44,0.1,0.0,PCA-WKNN,1111.0,28.28038010991084,7.6491926669684185,51.698793620263366,23.219173316834066,109.08523202680759,139.58853365073645,0.207020702070207
UJIIndoorLoc,44,0.1,0.0,AaT-base-reimpl,1111.0,19.50973892211914,8.844036102294922,35.721168518066406,17.608861923217773,48.130088806152344,94.90141677856445,0.11791179117911792
UJIIndoorLoc,44,0.1,0.0,RC-Direct,1111.0,19.743703842163086,7.987600326538086,41.6439094543457,15.377477169036865,44.27100372314453,94.4367561340332,0.162016201620162
UJIIndoorLoc,44,0.1,0.0,RC-Loc,1111.0,19.35206583456161,7.338354881551937,41.56210907729281,14.716844044773781,44.37336784049105,94.43675691034602,0.19441944194419442
UJIIndoorLoc,44,0.1,4.0,PCA-WKNN,1111.0,28.2246351369074,7.521234233116525,51.51494339684559,23.7714983134292,108.98068179856197,140.4046411881627,0.2007200720072007
UJIIndoorLoc,44,0.1,4.0,AaT-base-reimpl,1111.0,19.966270446777344,9.097325325012207,36.25325012207031,18.460172653198242,47.91313552856445,95.32967376708984,0.11701170117011701
UJIIndoorLoc,44,0.1,4.0,RC-Direct,1111.0,19.494447708129883,7.938875675201416,40.94495391845703,15.979342937469482,43.51408767700195,80.07601165771484,0.1548154815481548
UJIIndoorLoc,44,0.1,4.0,RC-Loc,1111.0,19.086970215739232,7.416805979571709,40.85819514659577,15.266346731568767,43.539125563957285,80.07601350851735,0.18361836183618363
UJIIndoorLoc,44,0.1,8.0,PCA-WKNN,1111.0,28.42046042501572,8.075357807647306,51.65666350018315,23.903048764326734,109.08523202680759,140.4046411881627,0.1998199819981998
UJIIndoorLoc,44,0.1,8.0,AaT-base-reimpl,1111.0,20.097209930419922,9.02073860168457,36.749942779541016,18.74500274658203,47.98966979980469,99.29257202148438,0.12961296129612962
UJIIndoorLoc,44,0.1,8.0,RC-Direct,1111.0,20.864994049072266,8.241026878356934,44.290916442871094,16.062458038330078,46.25395202636719,111.26759338378906,0.1332133213321332
UJIIndoorLoc,44,0.1,8.0,RC-Loc,1111.0,20.43022238972337,7.625531947896139,44.206155587514715,15.33634076816612,47.60550073247123,111.26759527530575,0.171017101710171
UJIIndoorLoc,44,0.2,0.0,PCA-WKNN,1111.0,69.92154844893044,26.867527566238607,103.86841426504903,129.67955358820598,204.651587835511,226.61063533981599,0.08010801080108011
UJIIndoorLoc,44,0.2,0.0,AaT-base-reimpl,1111.0,36.48457717895508,17.61477279663086,55.76194381713867,45.636587142944336,107.70561218261719,135.09446716308594,0.04590459045904591
UJIIndoorLoc,44,0.2,0.0,RC-Direct,1111.0,32.25951385498047,12.564204216003418,56.98446273803711,31.18828582763672,100.8087158203125,143.43577575683594,0.07650765076507651
UJIIndoorLoc,44,0.2,0.0,RC-Loc,1111.0,31.966029214176434,12.397199181993109,56.89944611775314,30.888962732577887,100.80871256236951,143.43577805692678,0.10261026102610261
UJIIndoorLoc,44,0.2,4.0,PCA-WKNN,1111.0,72.2519972106894,27.126471701332513,106.5233062656323,138.63313745833045,208.62414563634334,225.90202702135176,0.0783078307830783
UJIIndoorLoc,44,0.2,4.0,AaT-base-reimpl,1111.0,36.94505310058594,18.14495849609375,56.43564987182617,46.76170349121094,106.84021759033203,137.70162963867188,0.039603960396039604
UJIIndoorLoc,44,0.2,4.0,RC-Direct,1111.0,32.482791900634766,12.930161476135254,57.7190055847168,30.628188133239746,100.67269897460938,143.43577575683594,0.0738073807380738
UJIIndoorLoc,44,0.2,4.0,RC-Loc,1111.0,32.17519189395324,12.510384338021199,57.65630709283765,30.434149523253673,100.67269594579213,143.43577805692678,0.0927092709270927
UJIIndoorLoc,44,0.2,8.0,PCA-WKNN,1111.0,73.38862437572935,31.114091593497427,107.00282953111729,139.28191972200855,205.46206624654155,227.15688505567732,0.0774077407740774
UJIIndoorLoc,44,0.2,8.0,AaT-base-reimpl,1111.0,36.927978515625,17.56691551208496,56.58081817626953,47.1947021484375,109.02351379394531,136.4448699951172,0.043204320432043204
UJIIndoorLoc,44,0.2,8.0,RC-Direct,1111.0,32.34333038330078,13.271366119384766,56.52956771850586,33.390804290771484,97.0105972290039,142.79569244384766,0.06480648064806481
UJIIndoorLoc,44,0.2,8.0,RC-Loc,1111.0,32.045785219477345,13.222153399103139,56.448463314236825,33.34150645110311,97.01060173385392,142.7956972807034,0.0846084608460846
UJIIndoorLoc,44,0.3,0.0,PCA-WKNN,1111.0,97.73430319512224,79.68600013314764,129.00092436591692,176.40982776015798,228.0913961590018,241.49613621682238,0.023402340234023402
UJIIndoorLoc,44,0.3,0.0,AaT-base-reimpl,1111.0,50.16264724731445,28.502208709716797,71.17066955566406,76.41349411010742,135.0546875,159.54619598388672,0.016201620162016202
UJIIndoorLoc,44,0.3,0.0,RC-Direct,1111.0,44.32103729248047,18.498327255249023,73.92378997802734,48.529008865356445,141.1902618408203,184.84103393554688,0.036003600360036005
UJIIndoorLoc,44,0.3,0.0,RC-Loc,1111.0,44.08993408069567,18.48780464607436,73.87052560361526,48.035278651244695,141.19025913225823,183.80763630223925,0.050405040504050404
UJIIndoorLoc,44,0.3,4.0,PCA-WKNN,1111.0,98.90408938255318,81.13091751437554,129.90496675856497,177.2827491995171,228.69185311573645,241.70197400149982,0.026102610261026102
UJIIndoorLoc,44,0.3,4.0,AaT-base-reimpl,1111.0,50.541996002197266,28.242778778076172,71.51195526123047,76.66815185546875,134.69122314453125,159.80475616455078,0.016201620162016202
UJIIndoorLoc,44,0.3,4.0,RC-Direct,1111.0,44.542354583740234,18.8569278717041,74.1359634399414,49.616506576538086,142.5448760986328,183.78789520263672,0.036003600360036005
UJIIndoorLoc,44,0.3,4.0,RC-Loc,1111.0,44.3053110485005,18.611948041923295,74.08628269329151,49.61650751756444,142.54488538921376,183.4152450479521,0.046804680468046804
UJIIndoorLoc,44,0.3,8.0,PCA-WKNN,1111.0,104.02323732179401,87.43038838568931,134.28213937578354,189.3631452876341,229.2981960817296,242.0333707154916,0.025202520252025202
UJIIndoorLoc,44,0.3,8.0,AaT-base-reimpl,1111.0,52.579715728759766,30.705097198486328,73.3075942993164,79.25139999389648,135.62632751464844,160.17343139648438,0.0153015301530153
UJIIndoorLoc,44,0.3,8.0,RC-Direct,1111.0,44.58898162841797,19.14064598083496,73.83077239990234,51.733469009399414,141.74386596679688,181.33936309814453,0.0369036903690369
UJIIndoorLoc,44,0.3,8.0,RC-Loc,1111.0,44.350831128015024,18.88737226538561,73.79791975098584,51.733470320159654,141.7438677751422,181.33936377532547,0.04590459045904591
UJIIndoorLoc,55,0.0,0.0,PCA-WKNN,1111.0,9.85187050518112,5.975547290059845,20.889588454992936,10.713158230738774,18.242951578724544,25.96025303695332,0.2619261926192619
UJIIndoorLoc,55,0.0,0.0,AaT-base-reimpl,1111.0,8.970029830932617,6.948701858520508,12.144466400146484,11.347244262695312,17.087434768676758,22.855151176452637,0.17551755175517553
UJIIndoorLoc,55,0.0,0.0,RC-Direct,1111.0,8.600445747375488,6.449797630310059,11.518697738647461,11.13647747039795,17.3873233795166,22.34542751312256,0.1854185418541854
UJIIndoorLoc,55,0.0,0.0,RC-Loc,1111.0,8.210905669337205,6.168888963179598,11.22050112323812,10.785704042971545,16.970200169060753,21.733942861384982,0.21962196219621963
UJIIndoorLoc,55,0.0,4.0,PCA-WKNN,1111.0,10.22433045580642,5.945936038947873,22.31417472969761,11.118787600045586,18.76830067712995,26.241296605421766,0.24302430243024303
UJIIndoorLoc,55,0.0,4.0,AaT-base-reimpl,1111.0,9.199503898620605,7.076268196105957,12.494490623474121,11.606791019439697,17.84185791015625,23.371768951416016,0.1638163816381638
UJIIndoorLoc,55,0.0,4.0,RC-Direct,1111.0,8.649012565612793,6.57969856262207,11.537666320800781,11.343373775482178,17.56550407409668,22.281883239746094,0.18361836183618363
UJIIndoorLoc,55,0.0,4.0,RC-Loc,1111.0,8.297377808498934,6.356441943935137,11.289066870474292,10.833674173422317,17.486200904844704,21.559200580495904,0.21962196219621963
UJIIndoorLoc,55,0.0,8.0,PCA-WKNN,1111.0,10.478559463592822,6.19645434995404,21.973991588239148,11.405417332108986,19.297505184752488,27.400302719999953,0.23132313231323132
UJIIndoorLoc,55,0.0,8.0,AaT-base-reimpl,1111.0,9.668827056884766,7.474633693695068,13.317142486572266,12.120269775390625,18.998069763183594,25.01235294342041,0.1557155715571557
UJIIndoorLoc,55,0.0,8.0,RC-Direct,1111.0,9.161008834838867,6.687222957611084,12.528148651123047,11.73137092590332,18.08317756652832,23.364466667175293,0.171017101710171
UJIIndoorLoc,55,0.0,8.0,RC-Loc,1111.0,8.795504799544036,6.4665208006987145,12.270601635592188,11.184771436056353,17.81784804519016,23.4263977301798,0.20342034203420342
UJIIndoorLoc,55,0.1,0.0,PCA-WKNN,1111.0,25.461728123085113,7.881911539553534,46.47272023687358,21.518177254618205,90.64049293250265,125.43820490663882,0.20522052205220523
UJIIndoorLoc,55,0.1,0.0,AaT-base-reimpl,1111.0,16.029619216918945,9.109923362731934,25.44366455078125,16.965227127075195,40.246246337890625,65.07857894897461,0.13681368136813682
UJIIndoorLoc,55,0.1,0.0,RC-Direct,1111.0,18.126331329345703,8.50090503692627,38.07389450073242,15.553816795349121,37.236019134521484,77.13656997680664,0.15031503150315031
UJIIndoorLoc,55,0.1,0.0,RC-Loc,1111.0,17.750606999920354,7.671947432246588,37.99016746972599,15.448860158028154,37.23601984256093,77.13657058978993,0.1845184518451845
UJIIndoorLoc,55,0.1,4.0,PCA-WKNN,1111.0,25.65349724793388,7.82177475349084,46.83710473730492,22.108317882247263,91.501182131642,124.07481572806188,0.21692169216921692
UJIIndoorLoc,55,0.1,4.0,AaT-base-reimpl,1111.0,15.945945739746094,9.131128311157227,25.2977237701416,17.155935287475586,38.79277038574219,62.11515808105469,0.12871287128712872
UJIIndoorLoc,55,0.1,4.0,RC-Direct,1111.0,17.985774993896484,8.500182151794434,37.33827590942383,16.49391746520996,36.41659164428711,75.1527328491211,0.15751575157515751
UJIIndoorLoc,55,0.1,4.0,RC-Loc,1111.0,17.6314553375128,7.776024484753815,37.26016571017808,16.12637474096575,36.416593783252566,75.15273643657997,0.1926192619261926
UJIIndoorLoc,55,0.1,8.0,PCA-WKNN,1111.0,26.225317848654914,8.207309517760473,47.723237336691035,23.041586088286273,93.79601463172828,124.1452411320902,0.19531953195319532
UJIIndoorLoc,55,0.1,8.0,AaT-base-reimpl,1111.0,17.06797218322754,9.571634292602539,26.680208206176758,18.65416145324707,43.410919189453125,68.66730117797852,0.1188118811881188
UJIIndoorLoc,55,0.1,8.0,RC-Direct,1111.0,19.099685668945312,8.679580688476562,40.599918365478516,15.991949081420898,37.60908508300781,79.87633895874023,0.13141314131413143
UJIIndoorLoc,55,0.1,8.0,RC-Loc,1111.0,18.69542677312408,8.21159993572215,40.505747419237295,15.57840171442638,37.60908536716283,79.87633762856456,0.162016201620162
UJIIndoorLoc,55,0.2,0.0,PCA-WKNN,1111.0,75.54683212540691,30.668107308747384,113.56906232625295,124.96806396746558,231.1960329311171,251.25548102867128,0.07560756075607561
UJIIndoorLoc,55,0.2,0.0,AaT-base-reimpl,1111.0,35.91252136230469,18.8422908782959,59.25117111206055,41.90590286254883,87.07936096191406,117.1562728881836,0.052205220522052204
UJIIndoorLoc,55,0.2,0.0,RC-Direct,1111.0,34.60780715942383,12.889265060424805,66.39140319824219,29.204845428466797,101.08760070800781,142.6456527709961,0.07560756075607561
UJIIndoorLoc,55,0.2,0.0,RC-Loc,1111.0,34.35563811273485,12.500377658860991,66.34049222722548,29.159502908241514,101.08760065776804,142.64564803252767,0.09900990099009901
UJIIndoorLoc,55,0.2,4.0,PCA-WKNN,1111.0,75.20497870361062,30.70831449349741,113.7067318741639,122.74175298911175,231.01329816257658,252.87485718022373,0.0783078307830783
UJIIndoorLoc,55,0.2,4.0,AaT-base-reimpl,1111.0,35.57292175292969,17.729320526123047,59.29401779174805,41.05620765686035,85.18804168701172,116.98857116699219,0.054005400540054004
UJIIndoorLoc,55,0.2,4.0,RC-Direct,1111.0,34.708431243896484,12.993605613708496,67.03092956542969,29.468772888183594,101.08760070800781,149.71721649169922,0.08640864086408641
UJIIndoorLoc,55,0.2,4.0,RC-Loc,1111.0,34.46715069266428,12.643348873629087,66.99705772361875,29.414192860838046,101.08760065776804,149.71721833522312,0.10891089108910891
UJIIndoorLoc,55,0.2,8.0,PCA-WKNN,1111.0,77.11014495774602,33.385737151504685,115.38547943665256,128.06882568577117,231.19793321475308,251.64319611515077,0.0711071107110711
UJIIndoorLoc,55,0.2,8.0,AaT-base-reimpl,1111.0,37.25454330444336,19.15982437133789,61.342872619628906,44.31048393249512,90.95026397705078,129.68828201293945,0.05310531053105311
UJIIndoorLoc,55,0.2,8.0,RC-Direct,1111.0,37.01616668701172,13.824251174926758,71.02169799804688,30.80016326904297,110.84513854980469,161.99893951416016,0.0738073807380738
UJIIndoorLoc,55,0.2,8.0,RC-Loc,1111.0,36.74386876140584,13.579926515037696,70.96482876383759,30.885579681558013,110.84513590515999,161.9989403468871,0.09180918091809182
UJIIndoorLoc,55,0.3,0.0,PCA-WKNN,1111.0,110.2726688339177,84.40540836869799,146.62687277961584,215.59279755372498,255.71493411648817,267.24605780864135,0.034203420342034205
UJIIndoorLoc,55,0.3,0.0,AaT-base-reimpl,1111.0,54.02531433105469,27.18362808227539,85.32899475097656,62.02777099609375,155.71255493164062,232.84718322753906,0.027002700270027002
UJIIndoorLoc,55,0.3,0.0,RC-Direct,1111.0,40.165462493896484,17.446998596191406,70.45466613769531,42.20753479003906,108.17628479003906,152.91553497314453,0.045004500450045004
UJIIndoorLoc,55,0.3,0.0,RC-Loc,1111.0,39.98068671630065,17.21066290887008,70.42392639700137,41.97716534417272,108.17628954230508,152.91553837211075,0.0576057605760576
UJIIndoorLoc,55,0.3,4.0,PCA-WKNN,1111.0,103.46485585831589,71.86109482563776,140.96565560965752,204.86089022718102,255.39411166681367,267.6293773500088,0.041404140414041404
UJIIndoorLoc,55,0.3,4.0,AaT-base-reimpl,1111.0,52.563777923583984,26.805938720703125,83.45167541503906,57.99921989440918,143.31324768066406,231.20101928710938,0.025202520252025202
UJIIndoorLoc,55,0.3,4.0,RC-Direct,1111.0,40.45562744140625,17.650287628173828,71.36380004882812,41.84256935119629,109.36504364013672,156.88568878173828,0.046804680468046804
UJIIndoorLoc,55,0.3,4.0,RC-Loc,1111.0,40.22238288318586,17.264991223885133,71.32339985917821,41.81760112792112,109.36504225388295,156.88569072794377,0.05670567056705671
UJIIndoorLoc,55,0.3,8.0,PCA-WKNN,1111.0,108.73110341307489,79.85774980427702,145.51290475343043,216.3041203338811,254.8076636867082,266.0962379388307,0.032403240324032405
UJIIndoorLoc,55,0.3,8.0,AaT-base-reimpl,1111.0,53.71631622314453,25.987634658813477,86.70465850830078,58.266679763793945,150.5976104736328,238.74526977539062,0.027002700270027002
UJIIndoorLoc,55,0.3,8.0,RC-Direct,1111.0,41.62986755371094,18.242454528808594,72.29821014404297,44.24751853942871,114.77247619628906,163.83602905273438,0.0333033303330333
UJIIndoorLoc,55,0.3,8.0,RC-Loc,1111.0,41.341411349863634,18.069177137017775,72.23242328695342,44.247516655113756,114.7724731157598,163.83602553858196,0.043204320432043204
UTSIndoorLoc,11,0.0,0.0,PCA-WKNN,388.0,8.639360810182945,7.368828419320443,10.642432854042466,11.363525810785008,15.697370429629164,19.154104359614458,0.13144329896907217
UTSIndoorLoc,11,0.0,0.0,AaT-base-reimpl,388.0,7.56740665435791,6.81920862197876,9.081892967224121,9.559829235076904,12.131989669799808,16.983238029479974,0.12371134020618557
UTSIndoorLoc,11,0.0,0.0,RC-Direct,388.0,7.077484607696533,5.95415735244751,8.788456916809082,9.07119107246399,12.390784645080572,15.944609212875347,0.15979381443298968
UTSIndoorLoc,11,0.0,0.0,RC-Loc,388.0,7.0921498288107365,5.98005693825985,8.80640162430884,9.101237321595987,12.390785186234547,16.08908287059648,0.16494845360824742
UTSIndoorLoc,11,0.0,4.0,PCA-WKNN,388.0,8.732908974796231,7.670462812432539,10.691522485704441,11.146846371951927,15.509132503140597,18.570247822366664,0.13144329896907217
UTSIndoorLoc,11,0.0,4.0,AaT-base-reimpl,388.0,7.695253372192383,6.802308082580566,9.231287956237793,9.67546558380127,12.599244308471679,16.64563074111938,0.11855670103092783
UTSIndoorLoc,11,0.0,4.0,RC-Direct,388.0,7.068751811981201,5.970709800720215,8.794303894042969,9.22203278541565,12.175543880462651,15.573534440994251,0.18041237113402062
UTSIndoorLoc,11,0.0,4.0,RC-Loc,388.0,7.079776903584684,5.976563781857419,8.829736915354689,9.254122663743317,12.519756890048406,15.573534318405164,0.18556701030927836
UTSIndoorLoc,11,0.0,8.0,PCA-WKNN,388.0,8.785235436538597,7.5461973369158155,10.926562789202613,11.616466095912246,17.41034572793294,20.403942793608262,0.15463917525773196
UTSIndoorLoc,11,0.0,8.0,AaT-base-reimpl,388.0,7.676854610443115,6.781680107116699,9.304336547851562,9.624144315719604,13.188696193695069,16.915118980407705,0.13402061855670103
UTSIndoorLoc,11,0.0,8.0,RC-Direct,388.0,7.174656867980957,5.995477676391602,8.9415922164917,9.477450847625732,12.667960834503175,16.450036048889153,0.17783505154639176
UTSIndoorLoc,11,0.0,8.0,RC-Loc,388.0,7.15838011725826,6.1110857030011365,8.901692093803009,9.212325739937556,12.667961396111835,16.450035860139188,0.17783505154639176
UTSIndoorLoc,11,0.1,0.0,PCA-WKNN,388.0,15.705168505309722,11.01310221494154,21.364000797691595,18.903320601153297,36.36991470635087,46.715068982811054,0.08762886597938144
UTSIndoorLoc,11,0.1,0.0,AaT-base-reimpl,388.0,8.854281425476074,7.431801795959473,10.847384452819824,11.43315577507019,17.524411392211917,22.0434275627136,0.15463917525773196
UTSIndoorLoc,11,0.1,0.0,RC-Direct,388.0,8.382287979125977,7.014310359954834,10.312987327575684,10.80177640914917,15.049518299102784,19.753512668609616,0.14948453608247422
UTSIndoorLoc,11,0.1,0.0,RC-Loc,388.0,8.314907688682819,7.022864047946365,10.263008892029132,10.710398947386143,15.362906785813747,19.82874380527793,0.15463917525773196
UTSIndoorLoc,11,0.1,4.0,PCA-WKNN,388.0,15.661117783991049,11.29989185385963,21.463716577071192,18.69928034118977,34.805879208726,46.18833269271691,0.08247422680412371
UTSIndoorLoc,11,0.1,4.0,AaT-base-reimpl,388.0,8.972549438476562,7.848879814147949,10.949679374694824,11.366973638534546,17.61003513336182,21.800753211975092,0.15206185567010308
UTSIndoorLoc,11,0.1,4.0,RC-Direct,388.0,8.460654258728027,7.115340709686279,10.417473793029785,10.808477401733398,14.98038158416748,20.019487667083713,0.14690721649484537
UTSIndoorLoc,11,0.1,4.0,RC-Loc,388.0,8.419080551141356,7.070461382483458,10.414257717250058,10.76308083199418,14.996099600561212,19.52525180738094,0.15721649484536082
UTSIndoorLoc,11,0.1,8.0,PCA-WKNN,388.0,14.705996567952504,11.29989185385963,19.96314140930773,16.618946397863027,32.95007288645246,43.50082529999209,0.09536082474226804
UTSIndoorLoc,11,0.1,8.0,AaT-base-reimpl,388.0,8.636160850524902,7.16423225402832,10.536334991455078,10.670490980148315,17.118343925476076,20.70337467193603,0.12371134020618557
UTSIndoorLoc,11,0.1,8.0,RC-Direct,388.0,8.231523513793945,6.930245399475098,10.186723709106445,10.63602590560913,15.599508380889894,19.677696418762196,0.16752577319587628
UTSIndoorLoc,11,0.1,8.0,RC-Loc,388.0,8.175079666822782,6.881682343211813,10.161876792602234,10.606651695516891,15.779700820436886,20.05972834353804,0.17783505154639176
UTSIndoorLoc,11,0.2,0.0,PCA-WKNN,388.0,23.511275207482022,16.226636792881294,30.642418488079866,33.65186964901523,56.55185209072331,64.90684773032989,0.059278350515463915
UTSIndoorLoc,11,0.2,0.0,AaT-base-reimpl,388.0,10.991726875305176,9.274040222167969,13.523233413696289,13.670694828033447,21.367843627929688,27.279007625579833,0.09536082474226804
UTSIndoorLoc,11,0.2,0.0,RC-Direct,388.0,10.19006633758545,8.485361099243164,12.613313674926758,12.643812417984009,19.59516124725342,25.362256622314433,0.09278350515463918
UTSIndoorLoc,11,0.2,0.0,RC-Loc,388.0,10.222403540908749,7.822979326991521,13.140021483758519,12.566353521509651,20.54273105141199,29.00029704016728,0.10824742268041238
UTSIndoorLoc,11,0.2,4.0,PCA-WKNN,388.0,24.182398347775845,16.17282083635635,31.43072920699172,37.72541071028,57.03069317236273,66.0858545714376,0.05412371134020619
UTSIndoorLoc,11,0.2,4.0,AaT-base-reimpl,388.0,10.81753921508789,8.871384620666504,13.408534049987793,13.6583890914917,21.29399013519287,27.08351612091064,0.1056701030927835
UTSIndoorLoc,11,0.2,4.0,RC-Direct,388.0,10.179891586303711,8.218915939331055,12.651114463806152,12.896661043167114,19.476170730590823,25.543734455108638,0.10051546391752578
UTSIndoorLoc,11,0.2,4.0,RC-Loc,388.0,10.237465639897469,7.798468143347963,13.245453352088672,12.610142454711372,21.304869382156948,29.945965609650116,0.12886597938144329
UTSIndoorLoc,11,0.2,8.0,PCA-WKNN,388.0,25.002616906293728,18.71920527386022,32.26385350704903,38.484455675192905,59.20191423986754,65.89631536290946,0.06958762886597938
UTSIndoorLoc,11,0.2,8.0,AaT-base-reimpl,388.0,11.74013614654541,10.057910919189453,14.215495109558105,15.004022121429443,22.362633514404305,28.85847997665405,0.0979381443298969
UTSIndoorLoc,11,0.2,8.0,RC-Direct,388.0,10.055322647094727,8.55776596069336,12.461334228515625,12.566354513168335,19.54994773864746,24.928923702239985,0.11082474226804123
UTSIndoorLoc,11,0.2,8.0,RC-Loc,388.0,10.015920453312276,8.153812285962216,12.71149210958214,12.458091850215123,19.57660721317611,26.29956106184695,0.1211340206185567
UTSIndoorLoc,11,0.3,0.0,PCA-WKNN,388.0,31.05613619887685,25.962387149891555,38.10938604561557,51.1336016907862,64.4620745279798,68.25915823093229,0.04639175257731959
UTSIndoorLoc,11,0.3,0.0,AaT-base-reimpl,388.0,12.921595573425293,10.736597061157227,15.630484580993652,17.323431968688965,25.156005287170412,30.89165658950805,0.07989690721649484
UTSIndoorLoc,11,0.3,0.0,RC-Direct,388.0,12.516183853149414,9.883758544921875,15.942004203796387,16.240335941314697,24.92796154022217,32.08108501434326,0.08247422680412371
UTSIndoorLoc,11,0.3,0.0,RC-Loc,388.0,12.217685071609573,10.027423455653548,15.246843803808577,16.841349956232587,22.27105053642604,27.749067782652176,0.08247422680412371
UTSIndoorLoc,11,0.3,4.0,PCA-WKNN,388.0,31.082982248764583,26.479735664739618,38.26602473247991,51.43698338915906,64.4620745279798,68.25915823093229,0.05154639175257732
UTSIndoorLoc,11,0.3,4.0,AaT-base-reimpl,388.0,13.203370094299316,10.931367874145508,15.954913139343262,18.089215755462646,24.948855209350597,31.253920364379884,0.07989690721649484
UTSIndoorLoc,11,0.3,4.0,RC-Direct,388.0,12.489506721496582,9.889690399169922,15.975330352783203,15.873377561569214,25.61327552795411,32.16889677047728,0.08247422680412371
UTSIndoorLoc,11,0.3,4.0,RC-Loc,388.0,12.320628285651011,10.251345731860766,15.326293532747579,16.65457763698581,22.642883968740957,26.809508554917528,0.08247422680412371
UTSIndoorLoc,11,0.3,8.0,PCA-WKNN,388.0,31.03463457900558,25.38954080687097,38.28109000439402,51.60185181536751,64.67574826680129,68.67218186012715,0.06443298969072164
UTSIndoorLoc,11,0.3,8.0,AaT-base-reimpl,388.0,13.092591285705566,11.518610000610352,15.591177940368652,17.164061069488525,24.36778831481934,30.049701213836666,0.06958762886597938
UTSIndoorLoc,11,0.3,8.0,RC-Direct,388.0,12.640666961669922,10.322412490844727,16.120342254638672,16.381782054901123,25.576795196533215,31.829155826568602,0.09536082474226804
UTSIndoorLoc,11,0.3,8.0,RC-Loc,388.0,12.379107637334654,10.108589427417531,15.44228032476997,16.21132256253216,22.7999684862611,28.926503705340117,0.07731958762886598
UTSIndoorLoc,22,0.0,0.0,PCA-WKNN,388.0,9.045715462537125,7.746992939093929,11.952126095088914,11.044567145808138,16.042774728827176,19.637542096159592,0.13659793814432988
UTSIndoorLoc,22,0.0,0.0,AaT-base-reimpl,388.0,7.522246837615967,6.268405914306641,9.293371200561523,9.813727855682373,13.704179477691653,16.362111473083488,0.17525773195876287
UTSIndoorLoc,22,0.0,0.0,RC-Direct,388.0,6.937609672546387,6.014461994171143,8.567789077758789,8.908340692520142,12.126996994018555,15.139094829559319,0.17010309278350516
UTSIndoorLoc,22,0.0,0.0,RC-Loc,388.0,6.873741908099297,5.796103461892623,8.505928435659063,8.856268468275651,11.722743374659672,15.173092035485299,0.18041237113402062
UTSIndoorLoc,22,0.0,4.0,PCA-WKNN,388.0,8.667465493176888,7.608966427336663,10.67899209955389,11.037948908345745,16.042774728827172,19.967241809506294,0.14175257731958762
UTSIndoorLoc,22,0.0,4.0,AaT-base-reimpl,388.0,7.633779048919678,6.366445541381836,9.43769359588623,9.772948741912842,14.218585681915284,16.978132057189935,0.17010309278350516
UTSIndoorLoc,22,0.0,4.0,RC-Direct,388.0,6.954662322998047,5.986920356750488,8.555973052978516,8.819427251815796,12.145129966735842,15.223251199722284,0.15979381443298968
UTSIndoorLoc,22,0.0,4.0,RC-Loc,388.0,6.873996766088335,5.764220815916461,8.489428612751805,8.731337407298,11.835053826171993,14.982199792806044,0.17783505154639176
UTSIndoorLoc,22,0.0,8.0,PCA-WKNN,388.0,8.756795373614382,7.689487668240556,10.81680045631449,11.128756006814523,16.237363383554694,20.802288419340062,0.14432989690721648
UTSIndoorLoc,22,0.0,8.0,AaT-base-reimpl,388.0,7.804764270782471,6.868117332458496,9.636013984680176,10.084748268127441,14.382993030548098,17.928934955596922,0.16752577319587628
UTSIndoorLoc,22,0.0,8.0,RC-Direct,388.0,6.971344947814941,5.900489807128906,8.648104667663574,8.839892387390137,12.352338123321536,15.676459836959834,0.19845360824742267
UTSIndoorLoc,22,0.0,8.0,RC-Loc,388.0,6.915022793403988,5.940443988653361,8.582428615191644,8.879990422113117,12.00766315286653,16.103282340311537,0.211340206185567
UTSIndoorLoc,22,0.1,0.0,PCA-WKNN,388.0,16.44395940094242,11.015016612035136,22.77188468593203,19.303122401110464,39.274106456305375,52.96291921287471,0.1056701030927835
UTSIndoorLoc,22,0.1,0.0,AaT-base-reimpl,388.0,9.127779960632324,7.389759540557861,11.314467430114746,12.327189922332764,17.724419403076173,22.651677608489987,0.13144329896907217
UTSIndoorLoc,22,0.1,0.0,RC-Direct,388.0,8.022722244262695,6.614384174346924,9.925928115844727,10.34465742111206,14.900583648681645,18.96808280944824,0.15206185567010308
UTSIndoorLoc,22,0.1,0.0,RC-Loc,388.0,8.017370940267151,6.754317896903906,9.875545630542982,10.381118479526311,15.036437073259602,18.621779172757886,0.14948453608247422
UTSIndoorLoc,22,0.1,4.0,PCA-WKNN,388.0,15.628132844563302,11.367730740477615,21.35977287885916,18.50100615185695,36.15769908273866,50.91113316511354,0.1056701030927835
UTSIndoorLoc,22,0.1,4.0,AaT-base-reimpl,388.0,9.1377592086792,7.789027214050293,11.29609203338623,12.44515323638916,17.727551078796388,22.595041847228984,0.13917525773195877
UTSIndoorLoc,22,0.1,4.0,RC-Direct,388.0,8.025812149047852,6.702878952026367,9.909093856811523,10.25270414352417,15.133812618255616,18.345449352264403,0.14948453608247422
UTSIndoorLoc,22,0.1,4.0,RC-Loc,388.0,8.03041615857519,6.811942862192046,9.884361557343542,10.356589182860057,14.97979458081224,18.615070852090234,0.15463917525773196
UTSIndoorLoc,22,0.1,8.0,PCA-WKNN,388.0,15.371921445786588,11.23326768759583,20.636670708441088,18.53801952723674,35.02709057076841,45.91244211138756,0.09536082474226804
UTSIndoorLoc,22,0.1,8.0,AaT-base-reimpl,388.0,9.034737586975098,7.749941825866699,11.046588897705078,11.732223510742188,16.507186317443846,22.057380294799803,0.13659793814432988
UTSIndoorLoc,22,0.1,8.0,RC-Direct,388.0,8.111800193786621,6.71414852142334,9.971588134765625,10.566438436508179,14.680493354797365,18.29198522567748,0.13917525773195877
UTSIndoorLoc,22,0.1,8.0,RC-Loc,388.0,8.139361787712415,6.828018951928355,9.975863237713362,10.521112084640428,15.162869188834543,18.835569458263304,0.13402061855670103
UTSIndoorLoc,22,0.2,0.0,PCA-WKNN,388.0,25.315063005240095,16.484953078722185,33.05445479377891,40.92622904031117,61.74117621755967,67.46260362714877,0.07474226804123711
UTSIndoorLoc,22,0.2,0.0,AaT-base-reimpl,388.0,11.021570205688477,9.337854385375977,13.638812065124512,14.126556158065796,19.736923599243166,27.07116899490356,0.09536082474226804
UTSIndoorLoc,22,0.2,0.0,RC-Direct,388.0,10.283792495727539,8.303829193115234,12.969964981079102,13.088300466537476,20.225294494628915,27.07062177658081,0.11597938144329897
UTSIndoorLoc,22,0.2,0.0,RC-Loc,388.0,10.296249475942261,8.265544831159293,12.976870215864547,13.252099689564178,20.50759080569407,26.092802792784703,0.1134020618556701
UTSIndoorLoc,22,0.2,4.0,PCA-WKNN,388.0,25.35518784130913,17.27948620560151,33.01733009978405,39.24212480228175,61.83027237600381,67.46260362714877,0.07731958762886598
UTSIndoorLoc,22,0.2,4.0,AaT-base-reimpl,388.0,11.076622009277344,9.433069229125977,13.765057563781738,14.35647964477539,20.28655261993409,27.205100631713854,0.10309278350515463
UTSIndoorLoc,22,0.2,4.0,RC-Direct,388.0,10.247638702392578,8.40968132019043,12.911615371704102,12.938403129577637,21.433462524414065,27.127416610717773,0.11855670103092783
UTSIndoorLoc,22,0.2,4.0,RC-Loc,388.0,10.316570834418288,8.351485523341928,12.94370341618234,13.003988347542276,21.249333086851955,27.509828610621078,0.1134020618556701
UTSIndoorLoc,22,0.2,8.0,PCA-WKNN,388.0,25.6771578633835,16.019735287724743,33.45115795374452,43.172282409973214,61.305372526480355,66.9996634915256,0.07216494845360824
UTSIndoorLoc,22,0.2,8.0,AaT-base-reimpl,388.0,11.298566818237305,9.955772399902344,13.960787773132324,14.479641199111938,21.035676956176758,28.05746841430662,0.0979381443298969
UTSIndoorLoc,22,0.2,8.0,RC-Direct,388.0,10.152701377868652,8.140665054321289,12.830772399902344,13.402889966964722,19.656170082092288,27.05290803909301,0.13659793814432988
UTSIndoorLoc,22,0.2,8.0,RC-Loc,388.0,10.175941606487477,8.269119458858949,12.879457307748588,13.710585324671575,19.98733756437467,26.604517377987065,0.14175257731958762
UTSIndoorLoc,22,0.3,0.0,PCA-WKNN,388.0,32.40869209434489,29.874323086830557,39.75471877214033,52.355940397345606,65.48931014460129,69.70361006991668,0.06701030927835051
UTSIndoorLoc,22,0.3,0.0,AaT-base-reimpl,388.0,12.257988929748535,10.377520561218262,14.942621231079102,16.117079734802246,24.188006973266603,28.594338226318346,0.10051546391752578
UTSIndoorLoc,22,0.3,0.0,RC-Direct,388.0,13.107205390930176,10.015573501586914,17.036834716796875,17.477389335632324,26.054024505615242,36.03453083038327,0.11855670103092783
UTSIndoorLoc,22,0.3,0.0,RC-Loc,388.0,13.235032016065919,10.288056584410228,17.28880998282182,17.98200101151054,26.396285047622797,36.887972645902174,0.1134020618556701
UTSIndoorLoc,22,0.3,4.0,PCA-WKNN,388.0,32.069928750257844,28.469597570735488,39.50874183587659,51.679797191867806,64.80083518937808,69.33848082559197,0.07216494845360824
UTSIndoorLoc,22,0.3,4.0,AaT-base-reimpl,388.0,12.230212211608887,10.438079833984375,14.878719329833984,16.31107807159424,24.059724044799808,29.42306833267211,0.0979381443298969
UTSIndoorLoc,22,0.3,4.0,RC-Direct,388.0,13.089934349060059,9.993219375610352,17.03840446472168,17.270875453948975,26.334761810302737,36.42611408233638,0.11597938144329897
UTSIndoorLoc,22,0.3,4.0,RC-Loc,388.0,13.188018661941264,10.106350568095385,17.282712886159928,17.218804325611583,26.648556193919315,36.878829089159126,0.11597938144329897
UTSIndoorLoc,22,0.3,8.0,PCA-WKNN,388.0,33.161467425000275,30.13357739688923,40.08795862889826,52.355940397345606,65.88872845881053,69.33848082559197,0.05412371134020619
UTSIndoorLoc,22,0.3,8.0,AaT-base-reimpl,388.0,12.36347484588623,10.477855682373047,15.127828598022461,16.55333709716797,24.520832443237303,29.460386562347395,0.09020618556701031
UTSIndoorLoc,22,0.3,8.0,RC-Direct,388.0,12.98249340057373,9.859919548034668,16.845569610595703,17.189821243286133,26.732884407043464,36.33587779998776,0.10309278350515463
UTSIndoorLoc,22,0.3,8.0,RC-Loc,388.0,13.108224526013974,9.950607587808335,17.067672445957832,17.870811818896982,26.503096746153023,36.51148834135204,0.10051546391752578
UTSIndoorLoc,33,0.0,0.0,PCA-WKNN,388.0,7.944338444101324,7.387582066093705,9.457763764184017,10.643747965022415,13.3966415568457,15.72770274501615,0.14432989690721648
UTSIndoorLoc,33,0.0,0.0,AaT-base-reimpl,388.0,7.465212345123291,6.412615776062012,9.135577201843262,9.302388906478882,13.013148403167726,17.582510757446276,0.14432989690721648
UTSIndoorLoc,33,0.0,0.0,RC-Direct,388.0,6.8399505615234375,5.95167350769043,8.432738304138184,8.731252431869507,11.305859756469728,14.494132184982293,0.20103092783505155
UTSIndoorLoc,33,0.0,0.0,RC-Loc,388.0,6.85236451834615,5.986754510555452,8.472336625400587,8.650080838921317,11.34882350714538,14.259495451721728,0.19329896907216496
UTSIndoorLoc,33,0.0,4.0,PCA-WKNN,388.0,8.015879776552323,7.3693734940156315,9.530296940198747,10.754432792754942,13.60570791216365,15.707851673413135,0.13659793814432988
UTSIndoorLoc,33,0.0,4.0,AaT-base-reimpl,388.0,7.512612342834473,6.465343952178955,9.197294235229492,9.2834792137146,13.153199100494385,17.724969577789306,0.12886597938144329
UTSIndoorLoc,33,0.0,4.0,RC-Direct,388.0,6.91940975189209,6.1031904220581055,8.529426574707031,8.819451093673706,11.54560251235962,14.483332300186149,0.18556701030927836
UTSIndoorLoc,33,0.0,4.0,RC-Loc,388.0,6.941641663677427,6.15218323901233,8.561012347619528,8.826827376756233,11.380101115769104,14.315992395372003,0.19329896907216496
UTSIndoorLoc,33,0.0,8.0,PCA-WKNN,388.0,7.837599230525421,7.432045525109084,9.134065189623563,10.618986324435186,13.294693110610961,15.788533217038973,0.14432989690721648
UTSIndoorLoc,33,0.0,8.0,AaT-base-reimpl,388.0,7.701319217681885,6.629399299621582,9.439549446105957,9.885589122772217,14.116308498382569,17.249745178222653,0.16752577319587628
UTSIndoorLoc,33,0.0,8.0,RC-Direct,388.0,6.889993667602539,5.889138221740723,8.487993240356445,8.651748418807983,11.799093246459963,15.364051580429058,0.17268041237113402
UTSIndoorLoc,33,0.0,8.0,RC-Loc,388.0,6.919364195877433,6.009496722155085,8.519626590473894,8.590132487425803,11.975174772359175,15.481004130467507,0.16752577319587628
UTSIndoorLoc,33,0.1,0.0,PCA-WKNN,388.0,12.077297417955759,10.453409850611536,14.6998516250948,16.421622190220283,24.599685305664575,28.586082554681724,0.10309278350515463
UTSIndoorLoc,33,0.1,0.0,AaT-base-reimpl,388.0,9.337752342224121,7.501426696777344,11.480245590209961,12.02570390701294,18.661987304687504,23.360644912719696,0.13402061855670103
UTSIndoorLoc,33,0.1,0.0,RC-Direct,388.0,7.897690773010254,6.476788520812988,9.918622970581055,10.148584842681885,15.40728397369385,18.984140110015865,0.19329896907216496
UTSIndoorLoc,33,0.1,0.0,RC-Loc,388.0,7.877300721178176,6.504722813710931,9.89646479956515,9.999336037157818,15.371746389313328,18.82933277155301,0.18298969072164947
UTSIndoorLoc,33,0.1,4.0,PCA-WKNN,388.0,12.171083269463752,10.435826204862572,14.90988590645743,16.433738513380302,23.711037394358573,28.968250599621545,0.10824742268041238
UTSIndoorLoc,33,0.1,4.0,AaT-base-reimpl,388.0,9.319961547851562,7.352031707763672,11.586444854736328,12.520183563232422,19.305631256103517,23.19171562194824,0.13659793814432988
UTSIndoorLoc,33,0.1,4.0,RC-Direct,388.0,7.927277088165283,6.568763732910156,9.93686580657959,10.05059266090393,15.676183986663819,19.54157619476318,0.19329896907216496
UTSIndoorLoc,33,0.1,4.0,RC-Loc,388.0,7.928098227781938,6.58387913157134,9.938878957302093,10.06904691383224,15.163999936788226,19.22323395761613,0.17525773195876287
UTSIndoorLoc,33,0.1,8.0,PCA-WKNN,388.0,12.450156582594419,10.33629893008289,15.380793708945019,16.674510039622366,24.354498355875556,28.974934949202083,0.07989690721649484
UTSIndoorLoc,33,0.1,8.0,AaT-base-reimpl,388.0,9.558810234069824,7.691036224365234,11.790878295898438,12.57837963104248,18.23391647338867,24.770162773132295,0.1211340206185567
UTSIndoorLoc,33,0.1,8.0,RC-Direct,388.0,7.920734882354736,6.571646690368652,9.87812614440918,10.394646167755127,15.081072425842287,18.783558177948,0.17525773195876287
UTSIndoorLoc,33,0.1,8.0,RC-Loc,388.0,7.895758801699153,6.614425544931317,9.872603087103037,10.157152061461105,15.050983207347844,18.70811491694415,0.17525773195876287
UTSIndoorLoc,33,0.2,0.0,PCA-WKNN,388.0,17.6923199755892,14.07878761426922,22.29110888945189,24.16078515876037,35.68758086242994,44.794988367257744,0.06958762886597938
UTSIndoorLoc,33,0.2,0.0,AaT-base-reimpl,388.0,11.505602836608887,9.490116119384766,14.13784408569336,14.781222820281982,22.572639083862306,26.03718900680542,0.07216494845360824
UTSIndoorLoc,33,0.2,0.0,RC-Direct,388.0,10.04299259185791,8.195131301879883,12.594391822814941,13.21759581565857,19.595507621765137,24.782446002960206,0.12371134020618557
UTSIndoorLoc,33,0.2,0.0,RC-Loc,388.0,10.109526308128148,8.225363005849633,12.654991155299314,13.296901986226194,19.733562977499616,25.033194665138627,0.1134020618556701
UTSIndoorLoc,33,0.2,4.0,PCA-WKNN,388.0,17.77329062728137,13.94779616516092,22.30765268850279,25.052328456872615,37.05999858563353,42.775236498673785,0.06958762886597938
UTSIndoorLoc,33,0.2,4.0,AaT-base-reimpl,388.0,11.579727172851562,9.677470207214355,14.147493362426758,15.755458354949951,22.41934585571289,25.95663118362426,0.09278350515463918
UTSIndoorLoc,33,0.2,4.0,RC-Direct,388.0,10.171767234802246,8.189002990722656,12.741475105285645,13.101792335510254,19.590807723999024,24.427406692504864,0.13144329896907217
UTSIndoorLoc,33,0.2,4.0,RC-Loc,388.0,10.215189459006112,8.119916043306775,12.778811920942324,13.110239554255298,19.74295061596859,25.315418126116832,0.1211340206185567
UTSIndoorLoc,33,0.2,8.0,PCA-WKNN,388.0,18.085134969629248,14.064662839690182,22.65084599244329,25.9980269927454,36.864673637331435,42.16729079689054,0.06701030927835051
UTSIndoorLoc,33,0.2,8.0,AaT-base-reimpl,388.0,11.401926040649414,9.476797103881836,14.03656005859375,15.055615901947021,22.44261531829834,25.502468681335447,0.10824742268041238
UTSIndoorLoc,33,0.2,8.0,RC-Direct,388.0,10.018616676330566,8.164732933044434,12.57626724243164,13.560198307037354,19.629909896850588,24.633756351470932,0.14175257731958762
UTSIndoorLoc,33,0.2,8.0,RC-Loc,388.0,10.095107880604395,8.129290301935935,12.653870480612376,13.52031364259669,19.709882762205332,25.250869986292305,0.15206185567010308
UTSIndoorLoc,33,0.3,0.0,PCA-WKNN,388.0,20.83918365996689,17.97484901484172,25.602901362176354,29.3841232955784,41.16562514053642,48.628406415634714,0.06701030927835051
UTSIndoorLoc,33,0.3,0.0,AaT-base-reimpl,388.0,12.3668212890625,10.322406768798828,15.200480461120605,15.774692058563232,21.748584175109865,32.81535892486572,0.08762886597938144
UTSIndoorLoc,33,0.3,0.0,RC-Direct,388.0,11.32535171508789,9.205312728881836,14.047090530395508,14.79675841331482,21.667790031433107,28.080371570587154,0.07731958762886598
UTSIndoorLoc,33,0.3,0.0,RC-Loc,388.0,11.373725792057249,9.275925865101744,14.143009514543586,14.469382244181991,22.29148638057749,28.114108076697814,0.07731958762886598
UTSIndoorLoc,33,0.3,4.0,PCA-WKNN,388.0,20.59677589854695,17.454311111236112,25.317686279415845,28.90432866234972,40.25117559229177,47.32145238379993,0.04896907216494845
UTSIndoorLoc,33,0.3,4.0,AaT-base-reimpl,388.0,12.186845779418945,10.305721282958984,15.034061431884766,15.32828402519226,21.142287063598634,33.430756378173825,0.07989690721649484
UTSIndoorLoc,33,0.3,4.0,RC-Direct,388.0,11.402937889099121,9.366357803344727,14.149313926696777,14.57118558883667,21.96243305206299,28.0584939956665,0.07474226804123711
UTSIndoorLoc,33,0.3,4.0,RC-Loc,388.0,11.418441993440585,9.337965158579543,14.210176498543367,14.471951567834314,22.166083698777857,28.602301175082484,0.06701030927835051
UTSIndoorLoc,33,0.3,8.0,PCA-WKNN,388.0,20.33115035160002,17.52358776864927,25.12335810939439,29.297002955622915,39.406347954357265,46.81077361620233,0.07216494845360824
UTSIndoorLoc,33,0.3,8.0,AaT-base-reimpl,388.0,12.689460754394531,10.784046173095703,15.558703422546387,15.751804113388062,21.564014434814453,32.2899981498718,0.06701030927835051
UTSIndoorLoc,33,0.3,8.0,RC-Direct,388.0,11.67016315460205,9.24557876586914,14.516077041625977,15.282664775848389,23.21569118499756,27.74243021011352,0.07216494845360824
UTSIndoorLoc,33,0.3,8.0,RC-Loc,388.0,11.655020660858012,9.221597125442813,14.55134640331629,15.389842221212447,23.28177339306482,28.105542788679323,0.07731958762886598
UTSIndoorLoc,44,0.0,0.0,PCA-WKNN,388.0,8.175967752951971,7.1718503106772555,10.19311979810837,10.352106691224922,14.405219771318658,18.09636160085897,0.13659793814432988
UTSIndoorLoc,44,0.0,0.0,AaT-base-reimpl,388.0,7.367105484008789,6.512182712554932,9.020663261413574,9.477081537246704,12.706504440307619,16.127878332138057,0.15721649484536082
UTSIndoorLoc,44,0.0,0.0,RC-Direct,388.0,6.801982879638672,6.018595218658447,8.462613105773926,8.872587442398071,11.572366333007812,14.540241050720214,0.211340206185567
UTSIndoorLoc,44,0.0,0.0,RC-Loc,388.0,6.758469703478948,5.830236035758438,8.411585073783447,8.899101350729977,11.774628776288496,14.84893731474544,0.20103092783505155
UTSIndoorLoc,44,0.0,4.0,PCA-WKNN,388.0,8.345717744438307,7.295045185335866,10.807432367737325,10.20356728391135,14.692965309549876,18.207620412097782,0.14948453608247422
UTSIndoorLoc,44,0.0,4.0,AaT-base-reimpl,388.0,7.271174907684326,6.2729692459106445,8.90527057647705,9.198076725006104,12.787556648254396,16.851008892059312,0.16494845360824742
UTSIndoorLoc,44,0.0,4.0,RC-Direct,388.0,6.817302227020264,6.111038684844971,8.467342376708984,8.902413368225098,11.591336631774903,14.570233726501463,0.20103092783505155
UTSIndoorLoc,44,0.0,4.0,RC-Loc,388.0,6.787490385604312,5.879600473972374,8.440944504654087,8.841071445764225,12.031642729841662,15.258938756681449,0.20876288659793815
UTSIndoorLoc,44,0.0,8.0,PCA-WKNN,388.0,7.8989646153514075,7.148677560347714,9.469142883234309,10.261406201632255,14.087950947262225,17.746659319323204,0.13917525773195877
UTSIndoorLoc,44,0.0,8.0,AaT-base-reimpl,388.0,7.395171642303467,6.344475746154785,9.071199417114258,9.460903644561768,13.611121940612794,16.49094333648681,0.17010309278350516
UTSIndoorLoc,44,0.0,8.0,RC-Direct,388.0,6.952308177947998,5.731806755065918,8.663779258728027,9.09142255783081,11.771016502380373,15.852800559997544,0.19072164948453607
UTSIndoorLoc,44,0.0,8.0,RC-Loc,388.0,6.965656424100358,6.041248439925001,8.631462448023617,8.823606239814458,11.960177755379885,15.92306378175374,0.17525773195876287
UTSIndoorLoc,44,0.1,0.0,PCA-WKNN,388.0,11.81003828250539,8.957847986973723,15.21761877378646,15.86331366859586,23.967114089305923,31.063472495573453,0.1134020618556701
UTSIndoorLoc,44,0.1,0.0,AaT-base-reimpl,388.0,8.844910621643066,7.076142311096191,10.99081802368164,11.298675537109375,17.42784938812256,23.25820007324217,0.14432989690721648
UTSIndoorLoc,44,0.1,0.0,RC-Direct,388.0,7.948653697967529,6.395753860473633,10.081687927246094,10.632890939712524,14.95986442565918,19.748332691192626,0.18814432989690721
UTSIndoorLoc,44,0.1,0.0,RC-Loc,388.0,7.844093611775018,6.490769591142016,9.815307525974164,10.309220752654866,15.133144891656979,19.641267003307043,0.17783505154639176
UTSIndoorLoc,44,0.1,4.0,PCA-WKNN,388.0,11.623617899491027,8.721385360173533,15.066135432348576,15.209279947860686,25.30893557871297,31.42721593497573,0.09278350515463918
UTSIndoorLoc,44,0.1,4.0,AaT-base-reimpl,388.0,8.730311393737793,7.228424072265625,10.914877891540527,11.093675374984741,17.788796424865726,22.79725723266601,0.14948453608247422
UTSIndoorLoc,44,0.1,4.0,RC-Direct,388.0,7.905718803405762,6.329422473907471,10.026777267456055,10.270705699920654,14.757551097869875,19.52946662902831,0.1958762886597938
UTSIndoorLoc,44,0.1,4.0,RC-Loc,388.0,7.842737363235627,6.361056522136797,9.814403971467028,10.395114738053923,14.650313364197302,19.496428252104888,0.17525773195876287
UTSIndoorLoc,44,0.1,8.0,PCA-WKNN,388.0,12.792402524010202,9.561094780316767,16.54816634760646,17.03142929523818,27.153184331801906,35.44699385057561,0.09536082474226804
UTSIndoorLoc,44,0.1,8.0,AaT-base-reimpl,388.0,8.83735179901123,7.509222030639648,10.800225257873535,11.86586594581604,16.392211914062504,21.894668579101562,0.15979381443298968
UTSIndoorLoc,44,0.1,8.0,RC-Direct,388.0,7.967733860015869,6.517862796783447,10.04506778717041,10.202319860458374,14.933232307434086,21.03472547531127,0.19072164948453607
UTSIndoorLoc,44,0.1,8.0,RC-Loc,388.0,7.89750303121232,6.451165188202179,9.882549755974026,10.070294033232823,14.82686223129378,20.03100603210387,0.16494845360824742
UTSIndoorLoc,44,0.2,0.0,PCA-WKNN,388.0,16.44170347121276,12.644688569256209,20.933819158533968,22.906482132925674,34.91910627446224,41.973303434042926,0.07731958762886598
UTSIndoorLoc,44,0.2,0.0,AaT-base-reimpl,388.0,11.165898323059082,9.183597564697266,13.839665412902832,14.612855911254883,21.87889976501465,27.747463512420648,0.10824742268041238
UTSIndoorLoc,44,0.2,0.0,RC-Direct,388.0,11.162341117858887,8.464055061340332,14.822232246398926,13.62925410270691,23.664129829406743,33.0120771408081,0.12371134020618557
UTSIndoorLoc,44,0.2,0.0,RC-Loc,388.0,11.221510526175141,8.218750337382184,14.96650552003726,13.584618854120297,23.38718909900055,33.851142147227634,0.1211340206185567
UTSIndoorLoc,44,0.2,4.0,PCA-WKNN,388.0,16.357214511826143,13.511004115629763,20.769458430383153,22.391981187319747,32.80183941102032,40.92484647070235,0.07474226804123711
UTSIndoorLoc,44,0.2,4.0,AaT-base-reimpl,388.0,11.110677719116211,9.050752639770508,13.773788452148438,13.975366115570068,22.619586944580078,28.078758716583252,0.0979381443298969
UTSIndoorLoc,44,0.2,4.0,RC-Direct,388.0,11.108757972717285,8.34417724609375,14.714421272277832,13.726626634597778,22.36034278869629,32.055643177032444,0.11597938144329897
UTSIndoorLoc,44,0.2,4.0,RC-Loc,388.0,11.174101928729447,8.350091024569402,14.841112067129616,13.545843835106153,21.89870470361119,33.83056147623506,0.11597938144329897
UTSIndoorLoc,44,0.2,8.0,PCA-WKNN,388.0,15.906908010016208,12.219613425736323,20.12602765073333,22.757490677927425,32.685750126213215,41.47578919298411,0.08247422680412371
UTSIndoorLoc,44,0.2,8.0,AaT-base-reimpl,388.0,11.021086692810059,9.429469108581543,13.54147720336914,14.187307596206665,21.104894256591802,27.211853027343743,0.07474226804123711
UTSIndoorLoc,44,0.2,8.0,RC-Direct,388.0,10.834969520568848,8.219493865966797,14.405624389648438,13.559211730957031,22.699701118469246,32.223687171936035,0.13917525773195877
UTSIndoorLoc,44,0.2,8.0,RC-Loc,388.0,10.90703381421573,7.972969113044377,14.555568141793069,13.440007858128075,22.136516940465807,32.35791836127567,0.12886597938144329
UTSIndoorLoc,44,0.3,0.0,PCA-WKNN,388.0,19.03964482185205,15.860487760585242,23.5282201211988,26.929244521225023,37.04709019186907,44.284453010880895,0.08762886597938144
UTSIndoorLoc,44,0.3,0.0,AaT-base-reimpl,388.0,12.642744064331055,11.202901840209961,15.210456848144531,16.810513973236084,23.100842094421388,28.10534696578978,0.08505154639175258
UTSIndoorLoc,44,0.3,0.0,RC-Direct,388.0,11.855791091918945,9.787775039672852,14.791566848754883,15.045393943786621,23.544468498229982,29.21425905227661,0.08762886597938144
UTSIndoorLoc,44,0.3,0.0,RC-Loc,388.0,11.82771591436458,9.481012878546743,14.779755385752168,15.537419465492665,23.939906734353492,28.865048190424073,0.09278350515463918
UTSIndoorLoc,44,0.3,4.0,PCA-WKNN,388.0,18.8979990532387,16.795335810923525,23.03532971170609,26.95193341280201,36.28109385686975,41.72503979879306,0.06958762886597938
UTSIndoorLoc,44,0.3,4.0,AaT-base-reimpl,388.0,12.694721221923828,11.338716506958008,15.297945976257324,16.94438934326172,24.07140865325928,28.233954906463612,0.08247422680412371
UTSIndoorLoc,44,0.3,4.0,RC-Direct,388.0,11.658958435058594,9.409626960754395,14.477246284484863,15.086617946624756,24.077561378479007,27.949276065826414,0.09020618556701031
UTSIndoorLoc,44,0.3,4.0,RC-Loc,388.0,11.54941178386523,9.247803840864904,14.34364015819828,15.13888500880333,23.377015916837706,27.380891434664928,0.10309278350515463
UTSIndoorLoc,44,0.3,8.0,PCA-WKNN,388.0,19.305842954924625,16.22969745080541,23.82389022959522,27.713313615670465,37.71067875144434,43.03256920895058,0.07216494845360824
UTSIndoorLoc,44,0.3,8.0,AaT-base-reimpl,388.0,12.913980484008789,11.699548721313477,15.404746055603027,17.284337520599365,23.078247261047363,27.111837005615225,0.05670103092783505
UTSIndoorLoc,44,0.3,8.0,RC-Direct,388.0,12.173686981201172,9.89354133605957,15.122347831726074,14.956013917922974,25.600616836547857,29.87191181182861,0.07474226804123711
UTSIndoorLoc,44,0.3,8.0,RC-Loc,388.0,12.138127245320508,9.479188848235033,15.09663697625101,14.937027842768721,24.982743452392942,31.212598610915386,0.061855670103092786
UTSIndoorLoc,55,0.0,0.0,PCA-WKNN,388.0,8.250863299064484,7.543659422372858,9.82965054197724,11.185614000043298,14.777628049851147,17.1888486262943,0.15979381443298968
UTSIndoorLoc,55,0.0,0.0,AaT-base-reimpl,388.0,7.385373592376709,6.302865982055664,9.077095985412598,9.488651752471924,13.022555541992194,16.327846431732173,0.14690721649484537
UTSIndoorLoc,55,0.0,0.0,RC-Direct,388.0,7.0950751304626465,6.122923851013184,8.789212226867676,9.290186405181885,12.346646213531494,15.899144983291619,0.18814432989690721
UTSIndoorLoc,55,0.0,0.0,RC-Loc,388.0,7.193571473061003,6.203160846448034,8.847383077563904,9.351265383699841,12.369253309974393,15.688868575078532,0.18041237113402062
UTSIndoorLoc,55,0.0,4.0,PCA-WKNN,388.0,8.160346716775138,7.480381841008537,9.72910656405653,11.156160962810256,14.779027731186726,17.130602310754245,0.16237113402061856
UTSIndoorLoc,55,0.0,4.0,AaT-base-reimpl,388.0,7.377383708953857,6.398079872131348,8.998838424682617,9.558550596237183,13.074379444122314,15.844805479049677,0.15463917525773196
UTSIndoorLoc,55,0.0,4.0,RC-Direct,388.0,7.066271781921387,6.111994743347168,8.772248268127441,9.193256378173828,12.553636837005616,16.205844879150384,0.20103092783505155
UTSIndoorLoc,55,0.0,4.0,RC-Loc,388.0,7.1290906531236224,6.171754738370168,8.817127647148125,9.200726076616608,12.590293320259516,16.123926025912564,0.19329896907216496
UTSIndoorLoc,55,0.0,8.0,PCA-WKNN,388.0,8.014257510999165,7.277539618214911,9.496718788641598,11.037948908345745,14.661165908478706,17.204321253813553,0.16494845360824742
UTSIndoorLoc,55,0.0,8.0,AaT-base-reimpl,388.0,7.40878438949585,6.508866310119629,8.920146942138672,9.663055896759033,12.735399913787843,15.301390266418455,0.14690721649484537
UTSIndoorLoc,55,0.0,8.0,RC-Direct,388.0,6.9813690185546875,6.098528861999512,8.581242561340332,8.963679075241089,11.619242191314699,15.12495203018188,0.19072164948453607
UTSIndoorLoc,55,0.0,8.0,RC-Loc,388.0,6.998801989122325,6.156167736420841,8.58413289475502,8.967363014713117,11.612808703775036,14.955812326027308,0.18814432989690721
UTSIndoorLoc,55,0.1,0.0,PCA-WKNN,388.0,11.906797615229612,10.682702816335157,14.58307131707046,15.730119200528971,23.4805190913409,28.510559115053088,0.11597938144329897
UTSIndoorLoc,55,0.1,0.0,AaT-base-reimpl,388.0,9.1205472946167,7.473884582519531,11.319822311401367,12.14748215675354,18.274127769470216,22.252791690826406,0.14175257731958762
UTSIndoorLoc,55,0.1,0.0,RC-Direct,388.0,8.419588088989258,7.005982398986816,10.433573722839355,11.77436637878418,15.479633331298828,18.733444976806634,0.17783505154639176
UTSIndoorLoc,55,0.1,0.0,RC-Loc,388.0,8.453015783911827,7.195119271145371,10.465056725472156,11.681313961059548,15.52584896395035,18.71294903577827,0.18041237113402062
UTSIndoorLoc,55,0.1,4.0,PCA-WKNN,388.0,12.594063960540065,10.789335411621078,15.56624926743869,16.489867581385326,25.20893768550545,31.05120704769223,0.10824742268041238
UTSIndoorLoc,55,0.1,4.0,AaT-base-reimpl,388.0,9.368300437927246,7.839378356933594,11.578168869018555,12.03242826461792,19.14743709564209,22.824426078796378,0.13144329896907217
UTSIndoorLoc,55,0.1,4.0,RC-Direct,388.0,8.4312105178833,6.911904335021973,10.395914077758789,11.461536169052124,15.502423000335694,18.83501958847045,0.17783505154639176
UTSIndoorLoc,55,0.1,4.0,RC-Loc,388.0,8.433922150379914,7.068562190334768,10.408847165714448,11.159413354182583,15.537463313270797,19.00506743075924,0.17525773195876287
UTSIndoorLoc,55,0.1,8.0,PCA-WKNN,388.0,13.014852180683993,10.803748816061422,16.298151243961478,17.11570934960234,26.639483574737312,32.918827192211324,0.11855670103092783
UTSIndoorLoc,55,0.1,8.0,AaT-base-reimpl,388.0,9.39608383178711,7.417720794677734,11.647810935974121,12.584988355636597,18.974038505554205,23.287555503845212,0.14690721649484537
UTSIndoorLoc,55,0.1,8.0,RC-Direct,388.0,8.607287406921387,7.527101993560791,10.630061149597168,11.421193361282349,15.305296421051029,18.84437570571899,0.15979381443298968
UTSIndoorLoc,55,0.1,8.0,RC-Loc,388.0,8.661883386258387,7.364232099377457,10.7330579962884,11.353380717701391,15.64197569364544,20.53430036471513,0.14948453608247422
UTSIndoorLoc,55,0.2,0.0,PCA-WKNN,388.0,18.987760037040392,14.764517075813547,23.7568313552438,27.303887684505934,40.937825624252,46.669187077703576,0.07474226804123711
UTSIndoorLoc,55,0.2,0.0,AaT-base-reimpl,388.0,11.089958190917969,9.085326194763184,14.070260047912598,14.065658807754517,21.50848693847657,28.55696268081665,0.10824742268041238
UTSIndoorLoc,55,0.2,0.0,RC-Direct,388.0,10.08254623413086,8.153190612792969,12.686356544494629,13.677262783050537,19.442284584045414,25.59549446105957,0.14432989690721648
UTSIndoorLoc,55,0.2,0.0,RC-Loc,388.0,9.81431047396353,8.382634665415772,12.217688140175314,13.2434595628436,18.125441322699547,23.50369279114303,0.13144329896907217
UTSIndoorLoc,55,0.2,4.0,PCA-WKNN,388.0,19.27752032178718,15.412758737381633,24.09799308864018,27.480416884320817,41.02801071701022,46.85765822323108,0.06701030927835051
UTSIndoorLoc,55,0.2,4.0,AaT-base-reimpl,388.0,11.248918533325195,9.355441093444824,14.279753684997559,14.00190019607544,22.11530380249024,29.47445192337035,0.10051546391752578
UTSIndoorLoc,55,0.2,4.0,RC-Direct,388.0,10.02214241027832,8.066617012023926,12.608572006225586,13.483348369598389,19.175170707702637,25.52484216690063,0.13659793814432988
UTSIndoorLoc,55,0.2,4.0,RC-Loc,388.0,9.709562517072783,8.31325708334449,12.050501921817967,13.22759135309823,17.16572026092104,22.454951650284027,0.12628865979381443
UTSIndoorLoc,55,0.2,8.0,PCA-WKNN,388.0,18.94177153631922,15.011334766059768,23.660774944620133,26.800903093214075,40.49661443967331,45.899658631005536,0.07474226804123711
UTSIndoorLoc,55,0.2,8.0,AaT-base-reimpl,388.0,10.91390609741211,9.004034042358398,13.821454048156738,13.812354564666748,22.15466899871827,28.426394462585442,0.13402061855670103
UTSIndoorLoc,55,0.2,8.0,RC-Direct,388.0,10.199277877807617,8.158573150634766,12.878901481628418,13.732019901275635,20.696700286865237,26.12106666564941,0.12886597938144329
UTSIndoorLoc,55,0.2,8.0,RC-Loc,388.0,9.803358357862932,7.872060358922985,12.295947318074113,13.247368791954175,18.352511590449204,24.354526961017392,0.11855670103092783
UTSIndoorLoc,55,0.3,0.0,PCA-WKNN,388.0,23.408246310638848,18.970690950098263,28.348988243148206,35.795115962822756,45.24724631733352,52.82066952050208,0.06443298969072164
UTSIndoorLoc,55,0.3,0.0,AaT-base-reimpl,388.0,12.608108520507812,10.829870223999023,15.44029712677002,16.96592617034912,24.001404953002933,30.792221927642807,0.08247422680412371
UTSIndoorLoc,55,0.3,0.0,RC-Direct,388.0,12.036437034606934,10.167614936828613,14.875015258789062,15.89912462234497,23.63690853118897,28.778024578094467,0.08762886597938144
UTSIndoorLoc,55,0.3,0.0,RC-Loc,388.0,11.486862786571457,10.064431505717796,14.04631821291098,15.120445963041188,22.167917904154034,26.1745144300145,0.09536082474226804
UTSIndoorLoc,55,0.3,4.0,PCA-WKNN,388.0,23.320712343849735,18.94122689854707,28.34047143135978,35.79507220625469,45.10382711746924,51.922967222111915,0.061855670103092786
UTSIndoorLoc,55,0.3,4.0,AaT-base-reimpl,388.0,12.46288776397705,10.461080551147461,15.21302604675293,17.04583740234375,23.105974769592287,29.955578994750976,0.06958762886597938
UTSIndoorLoc,55,0.3,4.0,RC-Direct,388.0,11.950459480285645,10.365962982177734,14.702354431152344,15.550389528274536,23.65058879852295,28.350015830993645,0.07474226804123711
UTSIndoorLoc,55,0.3,4.0,RC-Loc,388.0,11.346964633620289,10.061994226077816,13.771888183102925,14.617052397027646,21.610328287580288,25.82642377058559,0.08762886597938144
UTSIndoorLoc,55,0.3,8.0,PCA-WKNN,388.0,23.409772209520284,18.9949078581353,28.231171696599056,35.891214639980895,45.31752729983506,50.810648283581266,0.05670103092783505
UTSIndoorLoc,55,0.3,8.0,AaT-base-reimpl,388.0,12.414093971252441,9.985980987548828,15.343857765197754,16.74828052520752,23.916595458984375,30.930331611633274,0.09278350515463918
UTSIndoorLoc,55,0.3,8.0,RC-Direct,388.0,11.99108600616455,10.247962951660156,14.700957298278809,16.105900764465332,24.217907333374026,27.624616050720213,0.09020618556701031
UTSIndoorLoc,55,0.3,8.0,RC-Loc,388.0,11.418441987327364,9.944900117766473,13.878369845234197,15.20952009912919,21.58862379006961,26.704349061325797,0.08762886597938144
