dataset,seed,retain_fraction,p90_m
UJIIndoorLoc,11,0.1,10.889219617978288
UJIIndoorLoc,11,0.2,10.718460334742174
UJIIndoorLoc,11,0.30000000000000004,10.798798199644812
UJIIndoorLoc,11,0.4,11.343846901037072
UJIIndoorLoc,11,0.5,11.905439546151356
UJIIndoorLoc,11,0.6,12.531710415065325
UJIIndoorLoc,11,0.7000000000000001,12.908584280322922
UJIIndoorLoc,11,0.8,13.513102388145873
UJIIndoorLoc,11,0.9,14.53380307137097
UJIIndoorLoc,11,1.0,15.831565785472073
UJIIndoorLoc,22,0.1,9.35699827449238
UJIIndoorLoc,22,0.2,10.104854906185038
UJIIndoorLoc,22,0.30000000000000004,10.185647123187676
UJIIndoorLoc,22,0.4,10.495201697627287
UJIIndoorLoc,22,0.5,10.983962215865104
UJIIndoorLoc,22,0.6,11.994213801861699
UJIIndoorLoc,22,0.7000000000000001,14.341877164357596
UJIIndoorLoc,22,0.8,14.921160189614785
UJIIndoorLoc,22,0.9,15.730949652625121
UJIIndoorLoc,22,1.0,16.589343952526082
UJIIndoorLoc,33,0.1,9.319346853851913
UJIIndoorLoc,33,0.2,10.879102353160414
UJIIndoorLoc,33,0.30000000000000004,10.750972641024724
UJIIndoorLoc,33,0.4,11.51049025618861
UJIIndoorLoc,33,0.5,12.515392464138287
UJIIndoorLoc,33,0.6,12.988099076924389
UJIIndoorLoc,33,0.7000000000000001,13.239021918758182
UJIIndoorLoc,33,0.8,13.83554398891009
UJIIndoorLoc,33,0.9,14.97400279660394
UJIIndoorLoc,33,1.0,15.972108063484814
UJIIndoorLoc,44,0.1,8.972040161959814
UJIIndoorLoc,44,0.2,9.676757784215186
UJIIndoorLoc,44,0.30000000000000004,9.803252796605888
UJIIndoorLoc,44,0.4,9.803048614808068
UJIIndoorLoc,44,0.5,11.387300412361654
UJIIndoorLoc,44,0.6,11.916758504831535
UJIIndoorLoc,44,0.7000000000000001,12.225227119711485
UJIIndoorLoc,44,0.8,12.787325550732268
UJIIndoorLoc,44,0.9,14.167773223618788
UJIIndoorLoc,44,1.0,15.43306820688406
UJIIndoorLoc,55,0.1,8.361846454372653
UJIIndoorLoc,55,0.2,9.890600133970594
UJIIndoorLoc,55,0.30000000000000004,10.82834413239654
UJIIndoorLoc,55,0.4,11.614203296105485
UJIIndoorLoc,55,0.5,12.3997369451573
UJIIndoorLoc,55,0.6,12.676581249305952
UJIIndoorLoc,55,0.7000000000000001,12.985718160130313
UJIIndoorLoc,55,0.8,14.399100817615041
UJIIndoorLoc,55,0.9,15.518700265181328
UJIIndoorLoc,55,1.0,16.970200051979795
UTSIndoorLoc,11,0.1,16.876139529992976
UTSIndoorLoc,11,0.2,12.165197289980583
UTSIndoorLoc,11,0.30000000000000004,13.54112551564061
UTSIndoorLoc,11,0.4,11.124678662027286
UTSIndoorLoc,11,0.5,11.320837358719475
UTSIndoorLoc,11,0.6,11.3540288348966
UTSIndoorLoc,11,0.7000000000000001,11.830702601484692
UTSIndoorLoc,11,0.8,11.865897095647828
UTSIndoorLoc,11,0.9,11.890163882847805
UTSIndoorLoc,11,1.0,12.390777539605835
UTSIndoorLoc,22,0.1,10.870031223711525
UTSIndoorLoc,22,0.2,10.05482231746383
UTSIndoorLoc,22,0.30000000000000004,11.652751864066795
UTSIndoorLoc,22,0.4,11.833080435495708
UTSIndoorLoc,22,0.5,11.649259901743452
UTSIndoorLoc,22,0.6,11.695843940904764
UTSIndoorLoc,22,0.7000000000000001,11.599373178946365
UTSIndoorLoc,22,0.8,11.616333574792137
UTSIndoorLoc,22,0.9,11.463690012180194
UTSIndoorLoc,22,1.0,11.722743654007491
UTSIndoorLoc,33,0.1,10.25898316674682
UTSIndoorLoc,33,0.2,10.342826121423924
UTSIndoorLoc,33,0.30000000000000004,9.969544067037793
UTSIndoorLoc,33,0.4,9.98983626543026
UTSIndoorLoc,33,0.5,10.91882319887856
UTSIndoorLoc,33,0.6,10.464012999964554
UTSIndoorLoc,33,0.7000000000000001,10.856899128367623
UTSIndoorLoc,33,0.8,11.020578539805067
UTSIndoorLoc,33,0.9,11.249561201618599
UTSIndoorLoc,33,1.0,11.34882350714538
UTSIndoorLoc,44,0.1,12.663612903984404
UTSIndoorLoc,44,0.2,11.261897123832416
UTSIndoorLoc,44,0.30000000000000004,10.846146247795803
UTSIndoorLoc,44,0.4,10.508604877002622
UTSIndoorLoc,44,0.5,10.87030487120104
UTSIndoorLoc,44,0.6,10.878357745669451
UTSIndoorLoc,44,0.7000000000000001,11.806011623406784
UTSIndoorLoc,44,0.8,11.4469799157559
UTSIndoorLoc,44,0.9,11.84980612147034
UTSIndoorLoc,44,1.0,11.774627820915773
UTSIndoorLoc,55,0.1,14.774520515058331
UTSIndoorLoc,55,0.2,12.643694575262787
UTSIndoorLoc,55,0.30000000000000004,12.732298733156004
UTSIndoorLoc,55,0.4,11.756338124297613
UTSIndoorLoc,55,0.5,12.161147251146874
UTSIndoorLoc,55,0.6,11.931725364619682
UTSIndoorLoc,55,0.7000000000000001,11.943617392916641
UTSIndoorLoc,55,0.8,11.836589138244014
UTSIndoorLoc,55,0.9,11.848481166540974
UTSIndoorLoc,55,1.0,12.369251982444089
Tampere,11,0.1,8.659242634965405
Tampere,11,0.2,9.729314189323453
Tampere,11,0.30000000000000004,11.128639338573105
Tampere,11,0.4,12.071124055804697
Tampere,11,0.5,12.005980842045105
Tampere,11,0.6,11.869199242091618
Tampere,11,0.7000000000000001,12.09526110460403
Tampere,11,0.8,12.662564211756134
Tampere,11,0.9,12.731809437139498
Tampere,11,1.0,12.750068729903038
Tampere,22,0.1,13.606249472239272
Tampere,22,0.2,13.201903613038734
Tampere,22,0.30000000000000004,12.769124228233922
Tampere,22,0.4,13.011070529864647
Tampere,22,0.5,12.84552159489369
Tampere,22,0.6,12.74634883684423
Tampere,22,0.7000000000000001,12.748048724684578
Tampere,22,0.8,12.711654740381928
Tampere,22,0.9,12.752308396671301
Tampere,22,1.0,12.863106490505205
Tampere,33,0.1,10.918680317260899
Tampere,33,0.2,12.12204263637476
Tampere,33,0.30000000000000004,12.81320269897351
Tampere,33,0.4,13.113454822206698
Tampere,33,0.5,12.752866000709364
Tampere,33,0.6,12.888142581905905
Tampere,33,0.7000000000000001,12.876953426639266
Tampere,33,0.8,12.828452861111808
Tampere,33,0.9,12.909423108516073
Tampere,33,1.0,13.133424998254139
Tampere,44,0.1,12.516943928307743
Tampere,44,0.2,12.523926199661407
Tampere,44,0.30000000000000004,12.530908471015072
Tampere,44,0.4,12.471595376060336
Tampere,44,0.5,12.459906920997835
Tampere,44,0.6,12.553124645312435
Tampere,44,0.7000000000000001,12.647502256733194
Tampere,44,0.8,12.527417335338239
Tampere,44,0.9,12.57664575434931
Tampere,44,1.0,12.83743979310577
Tampere,55,0.1,12.40907757452423
Tampere,55,0.2,13.464638707927458
Tampere,55,0.30000000000000004,13.03622382570681
Tampere,55,0.4,12.995454556796812
Tampere,55,0.5,12.64652355831546
Tampere,55,0.6,12.40108714312774
Tampere,55,0.7000000000000001,12.317164823398722
Tampere,55,0.8,12.319728474505757
Tampere,55,0.9,12.372194423745393
Tampere,55,1.0,12.823121289657035
UJI-Library-25M,11,0.1,5.169259544782958
UJI-Library-25M,11,0.2,5.546595108726582
UJI-Library-25M,11,0.30000000000000004,5.679890080333283
UJI-Library-25M,11,0.4,5.746435176061911
UJI-Library-25M,11,0.5,5.761224215755834
UJI-Library-25M,11,0.6,5.780316542894064
UJI-Library-25M,11,0.7000000000000001,5.7746477756896395
UJI-Library-25M,11,0.8,5.775564495124821
UJI-Library-25M,11,0.9,5.764511504285298
UJI-Library-25M,11,1.0,5.732429815300211
UJI-Library-25M,22,0.1,4.013407771582713
UJI-Library-25M,22,0.2,4.19379471140126
UJI-Library-25M,22,0.30000000000000004,4.34846647482712
UJI-Library-25M,22,0.4,4.588224798076824
UJI-Library-25M,22,0.5,4.815330713662719
UJI-Library-25M,22,0.6,4.93009985523286
UJI-Library-25M,22,0.7000000000000001,4.954638667499493
UJI-Library-25M,22,0.8,4.91208423781352
UJI-Library-25M,22,0.9,4.888437874131187
UJI-Library-25M,22,1.0,4.906127568406088
UJI-Library-25M,33,0.1,4.345038232226139
UJI-Library-25M,33,0.2,4.302612642798725
UJI-Library-25M,33,0.30000000000000004,4.361474459365009
UJI-Library-25M,33,0.4,4.429783981097306
UJI-Library-25M,33,0.5,4.493897782252021
UJI-Library-25M,33,0.6,4.553971887877674
UJI-Library-25M,33,0.7000000000000001,4.589604578893413
UJI-Library-25M,33,0.8,4.601295125430614
UJI-Library-25M,33,0.9,4.635902707233137
UJI-Library-25M,33,1.0,4.747995968711106
UJI-Library-25M,44,0.1,4.681407499736417
UJI-Library-25M,44,0.2,4.927710895461446
UJI-Library-25M,44,0.30000000000000004,5.0238316276428865
UJI-Library-25M,44,0.4,5.0171005429635
UJI-Library-25M,44,0.5,4.994852277287965
UJI-Library-25M,44,0.6,5.036106297506155
UJI-Library-25M,44,0.7000000000000001,5.0385781932333815
UJI-Library-25M,44,0.8,5.047495466074926
UJI-Library-25M,44,0.9,5.08306306669286
UJI-Library-25M,44,1.0,5.13352196698975
UJI-Library-25M,55,0.1,4.084114127458562
UJI-Library-25M,55,0.2,4.391124206438396
UJI-Library-25M,55,0.30000000000000004,4.569467251531901
UJI-Library-25M,55,0.4,4.693757517429436
UJI-Library-25M,55,0.5,4.828947874751603
UJI-Library-25M,55,0.6,4.909631985240986
UJI-Library-25M,55,0.7000000000000001,4.953981751557788
UJI-Library-25M,55,0.8,5.0064959130422855
UJI-Library-25M,55,0.9,5.046756389318759
UJI-Library-25M,55,1.0,5.090778671897889
