dataset,seed,method,mean_m,median_m,p90_m,p95_m,within_3m,floor_accuracy,building_accuracy
UJIIndoorLoc,11,PCA-WKNN,9.620768488593482,6.226290263824744,19.415638509853,27.83512053660512,0.2475247524752475,,
UJIIndoorLoc,22,PCA-WKNN,9.261198729450015,5.80191569011487,18.7458267838832,25.80557545354679,0.2484248424842484,,
UJIIndoorLoc,33,PCA-WKNN,9.735900077452207,6.005225531410398,18.87928142733645,26.14119120158748,0.2367236723672367,,
UJIIndoorLoc,44,PCA-WKNN,9.066978568304089,5.674580920433402,18.86734736087816,26.022573528975503,0.2619261926192619,,
UJIIndoorLoc,55,PCA-WKNN,9.85187050518112,5.975547290059845,18.242951578724544,25.96025303695332,0.2619261926192619,,
UTSIndoorLoc,11,PCA-WKNN,8.639360810182945,7.368828419320443,15.697370429629164,19.154104359614458,0.1314432989690721,,
UTSIndoorLoc,22,PCA-WKNN,9.045715462537125,7.746992939093929,16.042774728827176,19.637542096159592,0.1365979381443298,,
UTSIndoorLoc,33,PCA-WKNN,7.944338444101324,7.387582066093705,13.3966415568457,15.72770274501615,0.1443298969072164,,
UTSIndoorLoc,44,PCA-WKNN,8.175967752951971,7.171850310677256,14.405219771318658,18.09636160085897,0.1365979381443298,,
UTSIndoorLoc,55,PCA-WKNN,8.250863299064484,7.543659422372858,14.777628049851147,17.1888486262943,0.1597938144329896,,
Tampere,11,PCA-WKNN,6.617959050396149,6.01919131361677,12.347607058072953,14.130955210535742,0.2057026476578411,,
Tampere,22,PCA-WKNN,6.73794911031594,5.746360503786203,13.081277808061518,15.548641714446292,0.230142566191446,,
Tampere,33,PCA-WKNN,7.108933036211241,6.332336716491929,13.201429984724662,15.07497946301473,0.1873727087576374,,
Tampere,44,PCA-WKNN,6.716645907515186,6.24761142079077,11.938869852894175,13.670172373647256,0.1822810590631364,,
Tampere,55,PCA-WKNN,6.9878024490861375,6.2534933998975335,13.492975591183995,15.171424455970463,0.2036659877800407,,
UJI-Library-25M,11,PCA-WKNN,3.1583115040904968,2.860919882100823,5.678420370929089,6.64473215182577,0.5180384615384616,,
UJI-Library-25M,22,PCA-WKNN,2.924799993440512,2.758785388341942,5.083472999839867,5.751123954814839,0.5562948717948718,,
UJI-Library-25M,33,PCA-WKNN,2.87107123473938,2.6691083611146995,5.008950688129859,5.743266332919023,0.5764230769230769,,
UJI-Library-25M,44,PCA-WKNN,2.9065349326218635,2.680482550780869,5.227588786869012,5.95347131551656,0.5658589743589744,,
UJI-Library-25M,55,PCA-WKNN,3.13957996631977,2.8309587500689237,5.7199542099158815,6.864027235391294,0.530025641025641,,
UJIIndoorLoc,11,AaT-base-reimpl,9.21155071258545,7.214625358581543,17.753631591796875,22.928714752197266,0.1557155715571557,0.90999099909991,0.9990999099909992
UJIIndoorLoc,22,AaT-base-reimpl,9.067352294921877,7.009778022766113,17.366405487060547,22.339275360107425,0.1683168316831683,0.9144914491449144,0.9990999099909992
UJIIndoorLoc,33,AaT-base-reimpl,8.872044563293457,7.031890869140625,16.80735969543457,23.48008918762207,0.1701170117011701,0.9072907290729072,0.9990999099909992
UJIIndoorLoc,44,AaT-base-reimpl,8.753214836120605,6.921311378479004,17.00324249267578,22.480446815490723,0.1512151215121512,0.9108910891089108,0.9990999099909992
UJIIndoorLoc,55,AaT-base-reimpl,8.970030784606934,6.948701858520508,17.087434768676758,22.85515117645264,0.1755175517551755,0.918091809180918,0.9990999099909992
UTSIndoorLoc,11,AaT-base-reimpl,7.56740665435791,6.81920862197876,12.131986808776858,16.983238029479974,0.1237113402061855,0.9252577319587628,1.0
UTSIndoorLoc,22,AaT-base-reimpl,7.522246837615967,6.268405914306641,13.704179477691651,16.362111473083488,0.1752577319587628,0.9201030927835052,1.0
UTSIndoorLoc,33,AaT-base-reimpl,7.465212345123291,6.412615776062012,13.013152885437012,17.582510757446276,0.1443298969072164,0.9201030927835052,1.0
UTSIndoorLoc,44,AaT-base-reimpl,7.367105484008789,6.5121846199035645,12.70650978088379,16.12787532806396,0.1572164948453608,0.9072164948453608,1.0
UTSIndoorLoc,55,AaT-base-reimpl,7.385373592376709,6.302865505218506,13.022554874420171,16.327849388122555,0.1469072164948453,0.9201030927835052,1.0
Tampere,11,AaT-base-reimpl,9.52291202545166,9.08172607421875,16.425654792785643,19.689581298828102,0.1048879837067209,0.8279022403258656,1.0
Tampere,22,AaT-base-reimpl,8.552351951599121,7.773702621459961,15.18746747970581,17.08694019317625,0.1181262729124236,0.8095723014256619,1.0
Tampere,33,AaT-base-reimpl,9.306756019592283,8.687932968139648,15.893590450286863,18.37612924575805,0.0926680244399185,0.8818737270875764,1.0
Tampere,44,AaT-base-reimpl,10.242342948913574,9.349443435668944,18.61177673339844,21.357554817199706,0.1008146639511201,0.8503054989816701,1.0
Tampere,55,AaT-base-reimpl,8.97418212890625,8.581525802612305,15.830625629425048,17.813554763793945,0.1140529531568228,0.8961303462321792,1.0
UJI-Library-25M,11,AaT-base-reimpl,3.5273983478546143,3.138240337371826,6.7262508392334,8.180430746078493,0.4774743589743589,1.0,1.0
UJI-Library-25M,22,AaT-base-reimpl,3.302278995513916,3.022590160369873,6.042559909820557,7.224787068367005,0.4960384615384615,1.0,1.0
UJI-Library-25M,33,AaT-base-reimpl,3.2106423377990723,3.016977310180664,5.699941968917847,6.557239651679994,0.497025641025641,1.0,1.0
UJI-Library-25M,44,AaT-base-reimpl,3.2095305919647217,2.9343128204345703,5.751027536392212,6.810888981819153,0.5107948717948718,1.0,1.0
UJI-Library-25M,55,AaT-base-reimpl,3.3315601348876958,3.0442004203796387,6.138025236129761,7.282022190093997,0.4936538461538461,1.0,1.0
UJIIndoorLoc,11,RC-Loc,8.361501634749139,6.522805717056937,15.831565785472073,20.881255772404835,0.1989198919891989,0.9072907290729072,0.9990999099909992
UJIIndoorLoc,22,RC-Loc,8.203123814761014,6.260303093426752,16.589343952526082,22.074561862820534,0.2088208820882088,0.9153915391539154,0.9990999099909992
UJIIndoorLoc,33,RC-Loc,8.219085366542366,6.195432342433783,15.972108063484814,20.60814442372912,0.1917191719171917,0.9126912691269128,0.9990999099909992
UJIIndoorLoc,44,RC-Loc,7.78724497640263,6.011160215910854,15.43306820688406,20.47015039569707,0.243024302430243,0.9207920792079208,0.9990999099909992
UJIIndoorLoc,55,RC-Loc,8.21090638519448,6.168888963179598,16.970200051979795,21.73394285916927,0.2196219621962196,0.9126912691269128,0.9990999099909992
UTSIndoorLoc,11,RC-Loc,7.092149861756727,5.980057066166947,12.390777539605835,16.08908287059648,0.1649484536082474,0.9304123711340206,1.0
UTSIndoorLoc,22,RC-Loc,6.873742033834531,5.796100234143127,11.722743654007491,15.173092110701097,0.1804123711340206,0.9278350515463918,1.0
UTSIndoorLoc,33,RC-Loc,6.852364517752427,5.986754719220938,11.34882350714538,14.25949617721526,0.1932989690721649,0.9201030927835052,1.0
UTSIndoorLoc,44,RC-Loc,6.758469646915311,5.83023557988058,11.774627820915772,14.848939258784716,0.2010309278350515,0.9458762886597938,1.0
UTSIndoorLoc,55,RC-Loc,7.1935715677894,6.203158156399586,12.369251982444087,15.688868801010011,0.1804123711340206,0.9278350515463918,1.0
Tampere,11,RC-Loc,6.95001148756946,6.320889939022937,12.750068729903038,14.079661536064112,0.1945010183299389,0.9134419551934828,1.0
Tampere,22,RC-Loc,7.036752322151911,6.382389115293092,12.863106490505205,14.941509396493451,0.1965376782077393,0.9185336048879836,1.0
Tampere,33,RC-Loc,7.074607460187451,6.463873316170684,13.13342499825414,15.002668057070464,0.2036659877800407,0.9215885947046843,1.0
Tampere,44,RC-Loc,6.985261517374823,6.327133127470763,12.83743979310577,14.43640363403238,0.2026476578411405,0.9226069246435844,1.0
Tampere,55,RC-Loc,7.262982983354813,6.834942057624692,12.823121289657037,14.312555019655212,0.1629327902240326,0.910386965376782,1.0
UJI-Library-25M,11,RC-Loc,2.898913636871265,2.4382648298192304,5.732429815300211,6.821071026313297,0.6051282051282051,1.0,1.0
UJI-Library-25M,22,RC-Loc,2.591660964512463,2.224501591150382,4.906127568406088,5.933775887883237,0.6721923076923076,1.0,1.0
UJI-Library-25M,33,RC-Loc,2.618368152040049,2.320134348812573,4.747995968711106,5.815481480903651,0.6689487179487179,1.0,1.0
UJI-Library-25M,44,RC-Loc,2.758668916393926,2.4408304356451,5.13352196698975,6.065659411950164,0.6117051282051282,1.0,1.0
UJI-Library-25M,55,RC-Loc,2.6716151997732887,2.2842121847438057,5.090778671897889,6.214620452160674,0.6394358974358975,1.0,1.0
