dataset,scenario,method,n_seeds,mean_error_mean_m,mean_error_std_m,p90_mean_m,p90_std_m,p95_mean_m,p95_std_m
UJIIndoorLoc,device_offset=+6dB,AaT-base-reimpl,5,9.006017112731934,0.19048045402868985,17.52559471130371,0.49341064867524803,23.121512985229494,0.40990086554395483
UJIIndoorLoc,device_offset=+6dB,PCA-WKNN,5,8.638269304835534,0.08232823015999101,17.796609113164266,0.41108301235035594,24.349939604457457,0.9122316084977263
UJIIndoorLoc,device_offset=+6dB,RC-Direct,5,8.757508277893066,0.2939436592941291,17.312996292114256,0.5052042420854268,21.959884643554688,0.8269108524148686
UJIIndoorLoc,device_offset=+6dB,RC-Loc,5,8.336583537636413,0.2330365373182959,16.756083031672507,0.46422498094127146,21.3436907555299,0.9288291764807709
UJIIndoorLoc,device_offset=-6dB,AaT-base-reimpl,5,9.52949161529541,0.18531282409006397,17.928909301757812,0.46936887477491956,23.165317153930665,0.5295812473154872
UJIIndoorLoc,device_offset=-6dB,PCA-WKNN,5,12.184537408922917,0.3685716348546249,21.511658464862634,0.689160883584212,34.91140044795913,2.9166757185846364
UJIIndoorLoc,device_offset=-6dB,RC-Direct,5,8.682820320129395,0.2509005446968046,16.503073692321777,0.48232960740911074,21.145126724243163,0.7456240229829966
UJIIndoorLoc,device_offset=-6dB,RC-Loc,5,8.521975426434098,0.42386165146728066,16.766787139110882,0.9619509387363276,21.657251326839205,1.2241571346500837
UJIIndoorLoc,persistent_ap_bias_sd=4dB,AaT-base-reimpl,5,9.065622329711914,0.19201343019170627,17.645779418945313,0.6603652456986159,23.441551971435548,1.027429640617307
UJIIndoorLoc,persistent_ap_bias_sd=4dB,PCA-WKNN,5,9.652836233882804,0.3898423652612517,19.12925004048533,0.5868870962008685,26.24736291669374,0.6894860285101485
UJIIndoorLoc,persistent_ap_bias_sd=4dB,RC-Direct,5,8.613154411315918,0.2949753569159195,16.8474422454834,0.6109303775763778,21.53160152435303,0.7961887842633323
UJIIndoorLoc,persistent_ap_bias_sd=4dB,RC-Loc,5,8.275161816074368,0.2785189826232908,16.4981302860171,0.655112137652329,21.292249210753095,0.947402372910063
UJIIndoorLoc,persistent_ap_bias_sd=8dB,AaT-base-reimpl,5,9.469554328918457,0.25451638371564894,18.468798828125,0.6061058703831163,23.64828567504883,0.8636803485513537
UJIIndoorLoc,persistent_ap_bias_sd=8dB,PCA-WKNN,5,9.77549472684418,0.40993315195197566,19.418944181098432,0.3487100130078087,26.66593858065279,0.48302083914904603
UJIIndoorLoc,persistent_ap_bias_sd=8dB,RC-Direct,5,8.96833782196045,0.27823581991666585,17.7012508392334,0.9900259021262711,22.341021728515624,1.2559503363647722
UJIIndoorLoc,persistent_ap_bias_sd=8dB,RC-Loc,5,8.618272262213704,0.24887708554382845,17.18186041441866,0.9114577584502043,22.33321547156715,0.9116311740398795
UJIIndoorLoc,top_ap_outage=0.10,AaT-base-reimpl,5,19.225070571899415,3.6047631890986382,46.15671234130859,10.614142378264518,92.84084510803223,35.728009910798434
UJIIndoorLoc,top_ap_outage=0.10,PCA-WKNN,5,28.71799729170548,3.0918263250434825,110.0379418033024,16.025855007085944,144.84865075155477,15.151814543940434
UJIIndoorLoc,top_ap_outage=0.10,RC-Direct,5,17.827252197265626,2.254965129655436,35.74843788146973,6.365229488135107,74.11102638244628,16.896201438430634
UJIIndoorLoc,top_ap_outage=0.10,RC-Loc,5,17.55432483408592,2.2185460907710333,36.194252393324284,5.810443713286102,75.14879144778986,15.659745221279184
UJIIndoorLoc,top_ap_outage=0.20,AaT-base-reimpl,5,38.74273796081543,6.218398959774832,109.95842895507812,30.88993417178845,138.70087661743165,30.486814310482714
UJIIndoorLoc,top_ap_outage=0.20,PCA-WKNN,5,72.58306063749484,3.5733755593707963,203.46946195553065,19.368557923035034,224.4302805898023,22.052656758064767
UJIIndoorLoc,top_ap_outage=0.20,RC-Direct,5,29.718273162841797,4.218246758161382,88.17625579833984,16.308843193722037,127.11283340454102,23.6233515055203
UJIIndoorLoc,top_ap_outage=0.20,RC-Loc,5,29.633790101853823,4.300578555650118,88.55277480829425,15.133851619948407,126.6940416112385,23.259965678646214
UJIIndoorLoc,top_ap_outage=0.20+bias_sd=4dB,AaT-base-reimpl,5,38.45065689086914,5.881776851077664,109.93144989013672,30.99520573390438,138.0632469177246,29.546350789650475
UJIIndoorLoc,top_ap_outage=0.20+bias_sd=4dB,PCA-WKNN,5,71.67916990380022,2.9974124165326597,203.69391008685622,19.370905135332556,224.29493491744643,20.622169669428708
UJIIndoorLoc,top_ap_outage=0.20+bias_sd=4dB,RC-Direct,5,29.806358337402344,4.375451005154083,88.65581665039062,17.89749043209557,128.07096405029296,23.435035359506802
UJIIndoorLoc,top_ap_outage=0.20+bias_sd=4dB,RC-Loc,5,29.685925724186802,4.497580925269637,88.58587199896347,16.86710301052907,127.1116748492977,23.322881604337027
UJIIndoorLoc,top_ap_outage=0.30,AaT-base-reimpl,5,55.692213439941405,5.9151624431653085,145.48846740722655,20.868184773092416,195.33025512695312,28.06973791514696
UJIIndoorLoc,top_ap_outage=0.30,PCA-WKNN,5,105.1266501095298,4.909139822352184,230.44809466167416,19.75660981992707,242.17637563392026,18.969857010180984
UJIIndoorLoc,top_ap_outage=0.30,RC-Direct,5,40.31733856201172,6.1232527069745935,119.12836303710938,30.657487316581268,155.76393356323243,27.617711614434537
UJIIndoorLoc,top_ap_outage=0.30,RC-Loc,5,40.648276554106666,6.568660361845347,119.47401180066049,30.74575559843013,154.72726280277274,27.891957356503944
UTSIndoorLoc,device_offset=+6dB,AaT-base-reimpl,5,7.507769393920898,0.07029536330283653,13.06279947280884,0.4921819472706068,16.737608451843258,0.5147358206148573
UTSIndoorLoc,device_offset=+6dB,PCA-WKNN,5,8.259260895588929,0.39479947494250656,14.774070885471506,1.217705001628662,18.030939036237907,2.1182571911316375
UTSIndoorLoc,device_offset=+6dB,RC-Direct,5,7.07062931060791,0.1453361165270356,12.100261039733889,0.5617038568326588,15.644808311462395,1.0519434338000024
UTSIndoorLoc,device_offset=+6dB,RC-Loc,5,7.0586709355111,0.1696063762112252,11.930229005019205,0.5430383004459007,15.573329219079772,1.0553233771761172
UTSIndoorLoc,device_offset=-6dB,AaT-base-reimpl,5,7.4825160026550295,0.10183783771613555,13.148031044006348,0.6684325805519749,16.63833800315856,0.4125232434968179
UTSIndoorLoc,device_offset=-6dB,PCA-WKNN,5,9.80765656423755,1.2392181649332958,17.484261934086465,2.7938500681971017,24.976325778691912,7.72456806943732
UTSIndoorLoc,device_offset=-6dB,RC-Direct,5,6.856660556793213,0.11188781324871538,11.83288953781128,0.6390429423347385,15.098006849288936,0.6940470140785843
UTSIndoorLoc,device_offset=-6dB,RC-Loc,5,6.936065678736929,0.267351534517142,12.175389414867999,0.8692742260751797,15.302907022396685,0.7603455057999999
UTSIndoorLoc,persistent_ap_bias_sd=4dB,AaT-base-reimpl,5,7.518331813812256,0.07143015627197172,13.074287071228028,0.5349711518086939,16.282722892761228,0.9385941049635833
UTSIndoorLoc,persistent_ap_bias_sd=4dB,PCA-WKNN,5,8.412098577781624,0.4114524313340579,14.939585216761008,1.397874241190198,18.28268129490622,1.9409004998134132
UTSIndoorLoc,persistent_ap_bias_sd=4dB,RC-Direct,5,6.986738014221191,0.12684733155967523,12.028295040130615,0.6387291402205907,15.401478729248037,0.5257636066027458
UTSIndoorLoc,persistent_ap_bias_sd=4dB,RC-Loc,5,6.982017075149086,0.1730806561393343,11.96598221018001,0.7358422034734013,15.481891287902567,0.7722333276220483
UTSIndoorLoc,persistent_ap_bias_sd=8dB,AaT-base-reimpl,5,7.592172527313233,0.11757371323538797,13.39357069015503,0.47542522326194847,16.60385154724121,0.5205972559050679
UTSIndoorLoc,persistent_ap_bias_sd=8dB,PCA-WKNN,5,8.119000508254837,0.27747234494419293,14.486871982136984,0.8295188305696134,17.806790154220266,1.3963647174944653
UTSIndoorLoc,persistent_ap_bias_sd=8dB,RC-Direct,5,7.020482921600342,0.0983895662557076,11.927740707397462,0.3099566133906753,15.079881696701042,0.4036934208552326
UTSIndoorLoc,persistent_ap_bias_sd=8dB,RC-Loc,5,7.005953438546674,0.1228137938571841,11.90518161392232,0.3268369248920492,15.042650680150595,0.4165653702351348
UTSIndoorLoc,top_ap_outage=0.10,AaT-base-reimpl,5,9.057054328918458,0.20853455903952103,17.922559051513673,0.5274640354991665,22.71334836959837,0.5874874080213671
UTSIndoorLoc,top_ap_outage=0.10,PCA-WKNN,5,13.58865224438858,2.2863024773322436,29.538267929793527,7.641688686629759,37.567620472198804,11.464001943711656
UTSIndoorLoc,top_ap_outage=0.10,RC-Direct,5,8.134188556671143,0.24788371303014267,15.159376735687257,0.26592770893242307,19.237502651214594,0.47907917804513594
UTSIndoorLoc,top_ap_outage=0.10,RC-Loc,5,8.101337749162997,0.27051207011712447,15.286016820798801,0.1977630903553692,19.126814357734826,0.5639607279688388
UTSIndoorLoc,top_ap_outage=0.20,AaT-base-reimpl,5,11.148198890686036,0.21037683966700074,21.41060340881348,1.0464314840081617,27.338358364105222,0.9247050703656522
UTSIndoorLoc,top_ap_outage=0.20,PCA-WKNN,5,20.455861084917824,3.8075779888803734,45.99789313327234,12.373044655401632,53.163545820365506,12.038054463904007
UTSIndoorLoc,top_ap_outage=0.20,RC-Direct,5,10.322647666931152,0.4882087164462006,20.592935791015627,1.736344558319636,27.164579200744623,3.3759077418385
UTSIndoorLoc,top_ap_outage=0.20,RC-Loc,5,10.31180902347269,0.5567003436362887,20.50019434028004,1.8462471174870894,27.49622588729226,4.081164981076161
UTSIndoorLoc,top_ap_outage=0.20+bias_sd=4dB,AaT-base-reimpl,5,11.276974868774413,0.30490613719746806,21.737563209533697,0.8217019448336442,27.858733215332023,1.1348055545393188
UTSIndoorLoc,top_ap_outage=0.20+bias_sd=4dB,PCA-WKNN,5,20.295679246088554,3.9912068519377044,45.90008697317918,12.387797226388132,52.08039048431385,12.878019270617532
UTSIndoorLoc,top_ap_outage=0.20+bias_sd=4dB,RC-Direct,5,10.420842552185059,0.497649529116374,20.665418624877933,1.8196001808008742,28.013232288360587,3.720436284131196
UTSIndoorLoc,top_ap_outage=0.20+bias_sd=4dB,RC-Loc,5,10.387077553783538,0.573056552468519,20.61494000074492,2.080691729148901,28.523485912938884,3.9523527843628043
UTSIndoorLoc,top_ap_outage=0.30,AaT-base-reimpl,5,12.559451675415039,0.2590557692191469,23.63896869659424,1.2842640855166512,30.23978452682494,1.9122646899410145
UTSIndoorLoc,top_ap_outage=0.30,PCA-WKNN,5,25.350380617135905,6.048214149577312,50.68226926446402,13.371196570291728,56.73925944957333,11.58712585518532
UTSIndoorLoc,top_ap_outage=0.30,RC-Direct,5,12.168193817138672,0.6760506494217654,23.966230621337893,1.6471926979283793,30.83765420913695,3.280005350034756
UTSIndoorLoc,top_ap_outage=0.30,RC-Loc,5,12.028204316133756,0.7506537889349226,23.41332932062677,1.822751398375522,29.55814222513815,4.213481795212987
